,Rank,Name,in 2021 ranking,in 2020 ranking,Country,Sector,Absolute Growth Rate %,Compound Annual Growth Rate (CAGR) %,Revenue 2020 (€),Revenue 2017 (€),Number of employees 2020,Number of employees 2017,Founding Year
0,1.0,Swappie,No,No,Finland,Technology,19152.82,477.43,97611814.0,507000.0,218.0,1,2016.0
1,2.0,Kilo Health,No,No,Lithuania,Health,16541.73,450.05,57318766.0,344428.0,177.0,10,2013.0
2,3.0,OCI,No,No,UK,Financial Services,13133.13,409.59,568322073.0,4325512.0,32.0,4,2012.0
3,4.0,OnlyFans,No,No,UK,Technology,11928.05,393.63,316732986.0,2652185.0,800.0,4,2016.0
4,5.0,Enpal,No,No,Germany,Energy,11441.27,386.88,56109613.0,486165.0,365.0,9,2017.0
5,6.0,MR Consulting,No,No,Germany,Waste management & recycling,8624.23,343.52,13165586.0,150908.0,9.0,2,2017.0
6,7.0,Thriva,No,No,UK,Health,7396.77,321.66,18732563.0,251668.0,57.0,12,2015.0
7,8.0,Exotec,No,No,France,Industrial Goods,6635.11,306.86,47597000.0,706700.0,200.0,15,2015.0
8,9.0,Winelivery,No,No,Italy,Ecommerce,6480.53,303.73,7337290.0,111500.0,10.0,1,2015.0
9,10.0,Instabox,No,No,Sweden,Technology,6287.13,299.73,24484879.0,392055.0,117.0,5,2015.0
10,11.0,Waterdrop,No,No,Austria,Food & Beverage,5957.94,292.74,41205930.0,680197.0,180.0,12,2016.0
11,12.0,One Lease,No,No,France,Support Services,5790.52,289.09,9015211.0,153046.0,11.0,2,2016.0
12,13.0,Datlas*,No,No,Italy,Technology,5713.76,287.39,9034926.0,155406.0,251.0,13,2017.0
13,14.0,Zego,No,No,UK,Fintech,5242.6,276.63,12158046.0,229201.0,224.0,36,2016.0
14,15.0,HCL-Logistics,No,No,Germany,Transport,4682.15,262.97,11387156.0,238118.0,24.0,5,2017.0
15,16.0,Popsa,No,No,UK,Technology,4649.68,262.15,21455864.0,454975.0,34.0,4,2016.0
16,17.0,Unit8,No,No,Switzerland,Technology,4377.53,255.1,7234981.0,149397.0,41.0,2,2017.0
17,18.0,Luoto Company,No,No,Finland,Technology,4303.97,253.14,14338668.0,325585.0,49.0,6,2016.0
18,19.0,Journi Print,No,No,Austria,Ecommerce,4165.75,249.41,6851839.0,160624.0,29.0,9,2014.0
19,20.0,Portify,No,No,France,Support Services,4118.6,248.11,11583215.0,274575.0,228.0,23,2017.0
20,21.0,Tibber,No,No,Norway,Energy,4104.02,247.71,30886935.0,782918.0,45.0,8,2015.0
21,22.0,Rascal Industry,No,No,Poland,Fashion,4029.49,245.65,9008822.0,238451.0,18.0,6,2013.0
22,23.0,Pegaso Security,No,No,Italy,Support Services,3943.64,243.23,8375180.0,207120.0,509.0,20,2017.0
23,24.0,Tide,No,No,UK,Fintech,3801.56,239.17,16136633.0,416562.0,581.0,72,2016.0
24,25.0,Euro Top Brand,No,No,Italy,Retail,3726.04,236.96,13888900.0,363010.0,1.0,1,2017.0
25,26.0,Bold Security Group,No,No,UK,Support Services,3356.6,225.75,6238378.0,181772.0,26.0,6,2011.0
26,27.0,Play Magnus Group,No,No,Norway,Games industry,2967.63,213.04,6461790.0,214673.0,140.0,10,2013.0
27,28.0,Blue Whale Growth Fund,No,No,UK,Financial Services,2957.41,212.69,5189391.0,170950.0,7.0,1,2016.0
28,29.0,Kazidomi,No,No,Belgium,Ecommerce,2950.29,212.45,8042499.0,263663.0,65.0,3,2016.0
29,30.0,Sun Finance,Yes,No,Latvia,Fintech,2899.26,210.7,121306296.0,4044537.0,800.0,90,2012.0
30,31.0,Credimi,No,No,Italy,Financial Services,2859.83,209.33,11301520.0,381830.0,56.0,21,2015.0
31,32.0,SIRPLUS,No,No,Germany,Retail,2828.22,208.23,4540000.0,155043.0,133.0,8,2017.0
32,33.0,AIHR | Academy to Innovate HR,No,No,The Netherlands,Education,2752.08,205.53,3584553.0,125682.0,31.0,6,2016.0
33,34.0,Logistics Capital Partners (LCP),No,No,Luxembourg,Property,2744.13,205.25,210563743.0,7403458.0,27.0,9,2015.0
34,35.0,Südwest Invest,No,No,Germany,Property,2660.84,202.24,5820402.0,210820.0,10.0,2,2017.0
35,36.0,CORADE (Plurimmo),No,No,France,Property,2646.07,201.7,56018731.0,2039961.0,7.0,7,2000.0
36,37.0,Carranco,No,No,Spain,Food & Beverage,2589.1,199.6,4176440.0,155310.0,5.0,4,2006.0
37,38.0,Telemedi,No,No,Poland,Health,2572.52,198.98,4452513.0,182100.0,50.0,10,2014.0
38,39.0,Inkitt,No,No,Germany,Technology,2480.16,195.49,5926970.0,229713.0,56.0,22,2014.0
39,40.0,H.K.Trading,No,No,Italy,Retail,2438.64,193.9,5721590.0,225380.0,2.0,1,2016.0
40,41.0,Attest,No,No,UK,Technology,2424.14,193.34,4864178.0,194090.0,124.0,16,2015.0
41,42.0,LGM IMMOBILIER,No,No,France,Property,2416.78,193.05,2549778.0,101311.0,11.0,na,2016.0
42,43.0,Wolfram Chain*,No,No,The Netherlands,Management Consulting,2314.21,189.02,2431371.0,100711.0,29.0,7,2017.0
43,44.0,RightNow,No,No,Germany,Technology,2256.98,186.72,8951132.0,379771.0,38.0,3,2017.0
44,45.0,EO Charging,Yes,No,UK,Technology,2182.0,183.64,17158962.0,757323.0,63.0,7,2014.0
45,46.0,CheTariffa.it,No,No,Italy,Support Services,2164.85,182.93,2495860.0,110200.0,9.0,2,2013.0
46,47.0,Simply,No,No,UK,Financial Services,2131.19,181.52,16483836.0,744092.0,90.0,26,2017.0
47,48.0,Salary Finance,No,No,UK,Fintech,2130.67,181.5,8593220.0,387995.0,187.0,24,2015.0
48,49.0,DBT,No,No,Sweden,Fintech,2090.34,179.79,3837994.0,179204.0,10.0,2,2017.0
49,50.0,Tutlo,No,No,Poland,Education,2087.98,179.69,7778203.0,388565.0,140.0,15,2016.0
50,51.0,Ponera,No,No,France,Ecommerce,2082.38,179.45,25901607.0,1186853.0,27.0,4,2013.0
51,52.0,Active Energy Solutions,No,No,Greece,Energy,1979.82,175.01,13312033.0,640056.0,2.0,0,2014.0
52,53.0,ACTEAM ENR,No,No,France,Energy,1966.73,174.43,2133691.0,103240.0,8.0,2,2012.0
53,54.0,Everflow,Yes,No,UK,Technology,1928.53,172.73,64223085.0,3188715.0,70.0,8,2015.0
54,55.0,Azure Prism,No,No,UK,Retail,1909.48,171.87,4752777.0,238216.0,1.0,1,2016.0
55,56.0,WR Logistics,No,No,Germany,Transport,1892.58,171.11,11662200.0,585280.0,7.0,2,2017.0
56,57.0,iProov,No,No,UK,Technology,1889.07,170.95,7435887.0,376519.0,61.0,14,2011.0
57,58.0,Spin Up,No,No,Italy,Advertising,1865.84,169.89,4009330.0,203950.0,5.0,1,2017.0
58,59.0,BeGreat,No,No,Germany,Retail,1803.65,167.01,5141555.0,270090.0,16.0,4,2012.0
59,60.0,Tsunami Nutrition*,No,No,Italy,Ecommerce,1782.11,166.0,6945000.0,369000.0,17.0,2,2017.0
60,61.0,Matt Sleeps,No,No,The Netherlands,Interiors,1729.53,163.5,9789240.0,535070.0,6.0,2,2016.0
61,62.0,Tessian,No,No,UK,Technology,1702.7,162.21,15365580.0,858482.0,138.0,28,2013.0
62,63.0,Solarisbank,No,No,Germany,Financial Services,1690.63,161.62,35938000.0,2007000.0,369.0,98,2016.0
63,64.0,M2DG (MyFlexoffice),No,No,France,Support Services,1666.64,160.45,6630617.0,375323.0,21.0,2,2016.0
64,65.0,Eukon,No,No,Italy,Health,1664.65,160.35,6393680.0,362320.0,11.0,2,2004.0
65,66.0,Evolution Adv,No,No,Italy,Advertising,1659.07,160.07,14175780.0,805870.0,13.0,3,2016.0
66,67.0,Making Science,Yes,Yes,Spain,Technology,1644.0,159.33,57670541.0,3306795.0,274.0,47,2001.0
67,68.0,Everli,Yes,Yes,Italy,Ecommerce,1637.55,159.01,109248030.0,6287460.0,207.0,45,2014.0
68,69.0,AppFollow,No,No,Finland,Technology,1624.69,158.37,2210636.0,128176.0,73.0,12,2014.0
69,70.0,Synerise,No,No,Poland,Technology,1613.7,157.82,3999023.0,255062.0,190.0,40,2013.0
70,71.0,ChaiKola,No,No,Poland,Food & Beverage,1604.74,157.37,5158786.0,330763.0,8.0,4,2010.0
71,72.0,Scolution,No,No,Germany,Technology,1598.31,157.04,1825546.0,107492.0,12.0,4,2015.0
72,73.0,JL&P,No,No,France,Energy,1586.9,156.47,2212606.0,131164.0,15.0,3,2017.0
73,74.0,eFarma.com,No,No,Italy,Pharmaceuticals,1579.82,156.11,20150800.0,1199580.0,50.0,8,2017.0
74,75.0,Elvie,Yes,Yes,UK,Technology,1561.33,155.16,40813930.0,2474341.0,138.0,22,2013.0
75,76.0,Farmarelax,No,No,Italy,Personal & Household Goods,1546.97,154.43,4459170.0,270750.0,5.0,1,2010.0
76,77.0,Omnisend,Yes,No,UK,Technology,1494.85,151.71,11761268.0,742746.0,99.0,20,2008.0
77,78.0,World Trade Group,No,No,Italy,Fashion,1459.11,149.82,4897950.0,314150.0,5.0,1,2017.0
78,79.0,BESTEAM Conseil,No,No,France,Technology,1453.83,149.54,3871782.0,249176.0,32.0,2,2016.0
79,80.0,Motorway,No,No,UK,Automobiles,1420.9,147.76,4838407.0,320411.0,96.0,5,2016.0
80,81.0,ISO Public Services,No,No,Germany,Technology,1389.24,146.03,10019903.0,672821.0,26.0,0,2014.0
81,82.0,Octopus Energy,Yes,No,UK,Energy,1368.58,144.89,2120071949.0,145398192.0,918.0,106,2015.0
82,83.0,CyberIAM*,No,No,UK,Cyber Security,1367.04,144.8,5639335.0,387161.0,82.0,8,2017.0
83,84.0,Cbweed*,No,No,Italy,Personal & Household Goods,1328.57,142.64,3500000.0,245000.0,17.0,2,2017.0
84,85.0,Catraport,No,No,Portugal,Automobiles,1306.55,141.39,7294549.0,518613.0,46.0,18,2015.0
85,86.0,OUIHELP,No,No,France,Support Services,1304.85,141.29,3686617.0,262421.0,106.0,13,2016.0
86,87.0,Inpay,Yes,No,Denmark,Fintech,1298.53,140.93,23803000.0,1702000.0,67.0,33,2013.0
87,88.0,M.G.I. Meccaniche Generali Irpine,No,No,Italy,Industrial Goods,1283.67,140.07,2610700.0,188680.0,10.0,4,2017.0
88,89.0,Glencar Construction,Yes,No,UK,Construction,1269.9,139.27,107860442.0,7930094.0,80.0,7,2016.0
89,90.0,Qmee,Yes,No,UK,Technology,1268.04,139.17,12571314.0,925527.0,23.0,9,2010.0
90,91.0,MyAppFree,No,No,Italy,Advertising,1264.72,138.97,5764870.0,422420.0,10.0,1,2015.0
91,92.0,Investa Dienstleistungen,No,No,Germany,Support Services,1262.58,138.85,2176136.0,159707.0,55.0,8,2014.0
92,93.0,Polarium Energy Solutions,Yes,No,Sweden,Batteries,1257.04,138.52,74065413.0,5581858.0,58.0,19,2014.0
93,94.0,Baroni Home,No,No,Italy,Ecommerce,1254.32,138.36,1531358.0,113072.0,5.0,4,2016.0
94,95.0,Dayshape,No,No,UK,Technology,1251.43,138.19,3320479.0,247465.0,45.0,6,2013.0
95,96.0,Marketers Company,No,No,Italy,Advertising,1249.94,138.11,1880460.0,139300.0,8.0,3,2016.0
96,97.0,Easo Magno,No,No,Spain,Beauty,1242.47,137.67,3061854.0,228076.0,5.0,2,2017.0
97,98.0,Greyfood,No,No,Germany,Retail,1241.42,137.6,9187050.0,684874.0,10.0,1,2016.0
98,99.0,Misfits Health,No,No,UK,Food & Beverage,1234.31,137.18,2266155.0,171057.0,9.0,3,2016.0
99,100.0,MeilleursBiens.com,No,No,France,Property,1225.7,136.67,3864176.0,291481.0,5.0,1,2010.0
100,101.0,Fasanara Capital,No,No,UK,Financial Services,1216.25,136.11,11527860.0,882099.0,36.0,5,2011.0
101,102.0,NtechLab,No,No,Cyprus,Technology,1214.76,136.02,8730000.0,664000.0,122.0,44,2015.0
102,103.0,Babylino Sensitive,No,No,Italy,Personal & Household Goods,1211.43,135.82,2851840.0,217460.0,5.0,2,2016.0
103,104.0,Fastned,Yes,No,The Netherlands,Technology,1198.37,135.03,6890000.0,530667.0,54.0,24,2012.0
104,105.0,Oxray,No,No,Portugal,Health,1179.02,133.86,5465756.0,427339.0,6.0,2,2009.0
105,106.0,ZEGA Invest,No,No,Germany,Property,1163.47,132.91,3785340.0,299598.0,4.0,3,2017.0
106,107.0,Abylon Consulting,No,No,Hungary,Technology,1156.25,132.47,1721315.0,159128.0,7.0,2,2016.0
107,108.0,Milrab,No,No,Norway,Ecommerce,1151.36,132.16,79302201.0,6753191.0,77.0,20,2005.0
108,109.0,Urbantz,No,No,Belgium,Technology,1150.62,132.12,3031099.0,242368.0,55.0,7,2015.0
109,110.0,Tricas Construction,No,No,UK,Construction,1148.16,131.97,15880745.0,1281462.0,32.0,6,2017.0
110,111.0,Florence One,No,No,Italy,Technology,1137.06,131.28,1629099.0,131691.0,10.0,6,2017.0
111,112.0,Ergotopia,No,No,Germany,Retail,1135.7,131.19,7664825.0,620283.0,35.0,8,2014.0
112,113.0,Mcule.com Kft.,Yes,No,Hungary,Chemicals & Pharmaceuticals,1133.1,131.03,2683264.0,252713.0,17.0,5,2011.0
113,114.0,Filo,No,No,Italy,Technology,1132.04,130.96,10049610.0,815690.0,18.0,9,2014.0
114,115.0,Homepal,No,No,Italy,Property,1131.09,130.9,1603990.0,130290.0,11.0,4,2014.0
115,116.0,Staffbase,No,No,Germany,Technology,1121.82,130.32,26894501.0,2201178.0,310.0,55,2014.0
116,117.0,ILON MATERIEL,No,No,France,Construction,1111.76,129.69,2512300.0,207327.0,4.0,2,2016.0
117,118.0,Bio-marine,No,No,Ireland,Personal & Household Goods,1110.84,129.63,1612837.0,133200.0,25.0,7,2014.0
118,119.0,ISODECO,No,No,France,Construction,1103.81,129.18,2906133.0,241411.0,18.0,2,2016.0
119,120.0,Treedom,No,No,Italy,Support Services,1097.84,128.81,6709720.0,560150.0,42.0,18,2010.0
120,121.0,Fenstermaxx24,No,No,Germany,Retail,1087.64,128.15,8466121.0,712855.0,20.0,3,2016.0
121,122.0,Pohl & Söhne Gerüstbau,No,No,Germany,Construction,1075.04,127.34,2124763.0,180824.0,31.0,7,2017.0
122,123.0,YSO CORP,No,No,France,Media,1073.57,127.25,6689503.0,570012.0,13.0,3,2013.0
123,124.0,Gyada Cosmetics,No,No,Italy,Beauty,1072.49,127.18,1830610.0,156130.0,10.0,2,2017.0
124,125.0,Privitar,Yes,No,UK,Technology,1068.59,126.93,9923965.0,855321.0,190.0,47,2014.0
125,126.0,Delineate,No,No,UK,Technology,1065.09,126.7,3332661.0,288095.0,25.0,1,2015.0
126,127.0,Spyrosoft,Yes,No,Poland,Technology,1061.67,126.48,24721755.0,2326082.0,563.0,75,2016.0
127,128.0,Bio Energy Solutions,No,No,Slovakia,Waste management & recycling,1057.21,126.19,16006537.0,1383205.0,37.0,6,2014.0
128,129.0,Increso,No,No,Italy,Management Consulting,1049.47,125.68,3230000.0,281000.0,51.0,2,2015.0
129,130.0,LSG - Logistic & Service Group,No,No,Italy,Transport,1041.38,125.15,8873180.0,777410.0,46.0,1,2016.0
130,131.0,Energihem,No,No,Sweden,Construction,1033.39,124.63,28004684.0,2527006.0,125.0,19,2015.0
131,132.0,Amity,No,No,UK,Technology,1019.79,123.72,5743440.0,522712.0,164.0,48,2012.0
132,133.0,Goyago,No,No,Germany,Retail,1005.08,122.74,3729920.0,337525.0,43.0,4,2014.0
133,134.0,LA REGIE DE PORTAGE SALARIAL,No,No,France,Support Services,1003.16,122.61,7638731.0,692440.0,140.0,23,2016.0
134,135.0,Dall Energy,Yes,Yes,Denmark,Energy,991.29,121.81,6013000.0,551000.0,15.0,5,2007.0
135,136.0,Appinio,No,No,Germany,Technology,988.35,121.61,3597000.0,330500.0,44.0,5,2014.0
136,137.0,Pinsami,No,No,Italy,Food & Beverage,975.16,120.71,4892000.0,455000.0,33.0,14,2015.0
137,138.0,AER TRADING,No,No,France,Retail,969.96,120.35,17575388.0,1643572.0,1.0,1,2013.0
138,139.0,VALUMEN,No,No,France,Support Services,968.54,120.26,2196424.0,205554.0,4.0,1,2014.0
139,140.0,Follow,No,No,France,Advertising,964.02,119.95,6844818.0,643299.0,14.0,4,2016.0
140,141.0,Darpdecade,No,No,Germany,Retail,954.24,119.27,6624660.0,628384.0,173.0,4,2016.0
141,142.0,Bolt,Yes,Yes,Estonia,Technology,949.32,118.93,221393889.0,21098843.0,1798.0,399,2013.0
142,143.0,Kiteworldshop.com,No,No,Italy,Ecommerce,941.48,118.38,1671984.0,160539.0,5.0,2,2014.0
143,144.0,Peter Kenkel,No,Yes,Germany,Retail,938.81,118.2,22137000.0,2131000.0,19.0,10,2006.0
144,145.0,Templafy,Yes,No,Denmark,Technology,937.64,118.11,15486451.0,1521010.0,292.0,32,2014.0
145,146.0,Comservice,No,No,Italy,Support Services,935.17,117.94,2016300.0,194780.0,99.0,17,2014.0
146,147.0,Falcor Presse,No,No,Italy,Industrial Goods,927.28,117.38,2996770.0,291720.0,5.0,1,2017.0
147,148.0,RoomRaccoon,No,No,The Netherlands,Technology,927.15,117.38,1715334.0,167000.0,40.0,8,2017.0
148,149.0,Signaturit,Yes,Yes,Spain,Technology,921.07,116.95,5639953.0,552355.0,95.0,37,2013.0
149,150.0,Modulr,No,No,UK,Fintech,914.74,116.5,12789098.0,1269382.0,191.0,31,2015.0
150,151.0,PROFISHOP,No,No,Germany,Ecommerce,909.37,116.11,43812068.0,4340517.0,63.0,17,2012.0
151,152.0,Floer,No,No,The Netherlands,Interiors,908.11,116.02,2520013.0,249975.0,15.0,2,2015.0
152,153.0,Audiosalus,No,No,Italy,Retail,904.15,115.74,1569480.0,156300.0,12.0,4,2011.0
153,154.0,StatsBomb,No,No,UK,Technology,897.81,115.29,2027170.0,204620.0,26.0,2,2016.0
154,155.0,Theras Biocare,Yes,No,Italy,Pharmaceuticals,888.84,114.64,26633230.0,2693390.0,8.0,2,2013.0
155,156.0,Stenn,No,No,UK,Fintech,886.94,114.5,29615571.0,3058141.0,61.0,32,2016.0
156,157.0,Nanushka,Yes,Yes,Hungary,Fashion,884.55,114.33,20825934.0,2456563.0,180.0,30,2012.0
157,158.0,DPM - Deutsches Personal Management,Yes,No,Germany,Support Services,882.56,114.18,2267760.0,230800.0,60.0,10,2016.0
158,159.0,Monese,No,No,UK,Fintech,880.0,114.0,18196451.0,1870109.0,243.0,84,2013.0
159,160.0,Arquimea,Yes,No,Spain,Technology,867.03,113.05,72044361.0,7450099.0,288.0,40,2005.0
160,161.0,Groupe PERSPECTIVE,No,No,France,Education,866.15,112.98,2709000.0,280390.0,18.0,4,2013.0
161,162.0,Funnel,Yes,No,Sweden,Technology,866.06,112.98,11499031.0,1217338.0,155.0,37,2014.0
162,163.0,Living Quarter,No,No,Germany,Health,847.68,111.62,5016731.0,529371.0,49.0,5,2015.0
163,164.0,Svea Solar,No,No,Sweden,Energy,842.47,111.23,66146911.0,7177912.0,287.0,38,2013.0
164,165.0,Bevcraft Group,No,No,Ireland,Food & Beverage,842.21,111.21,4046859.0,429505.0,16.0,6,2016.0
165,166.0,Learning Technologies Group,Yes,No,UK,Technology,834.19,110.61,19446429.0,2096570.0,932.0,767,2013.0
166,167.0,Cura Farma,No,No,Italy,Health,825.58,109.96,4436220.0,479290.0,9.0,2,2014.0
167,168.0,Kamado Bono,No,No,Lithuania,Personal & Household Goods,824.45,109.88,6801734.0,735758.0,7.0,2,2013.0
168,169.0,SIPADAN,No,No,Spain,Management Consulting,823.89,109.83,3457203.0,374200.0,47.0,3,2007.0
169,170.0,Dateio,No,No,Czech Republic,Fintech,812.34,108.95,4710733.0,530785.0,45.0,18,2013.0
170,171.0,CREST Investment,Yes,No,Germany,Property,811.16,108.86,4857817.0,533144.0,16.0,4,2016.0
171,172.0,Componenti Digitali,No,No,Italy,Retail,808.6,108.67,2805850.0,308810.0,19.0,2,2017.0
172,173.0,IMMO-KONZEPTE,No,No,Germany,Property,797.4,107.81,2269276.0,252871.0,6.0,3,2006.0
173,174.0,SwipBox,No,No,Denmark,Technology,792.08,107.4,9391760.0,1052796.0,41.0,3,2014.0
174,175.0,Nextory,No,No,Sweden,Media,790.71,107.29,26534087.0,3046667.0,85.0,9,2015.0
175,176.0,ITDS Polska,Yes,No,Poland,Technology,789.96,107.23,8609941.0,1057443.0,176.0,32,2016.0
176,177.0,Savait,No,No,Italy,Ecommerce,787.93,107.07,2108040.0,237410.0,5.0,4,2015.0
177,178.0,Adpone,Yes,No,Spain,Advertising,786.15,106.94,11124512.0,1255372.0,18.0,3,2015.0
178,179.0,Nord Security,No,No,Lithuania,Cyber Security,785.05,106.85,156623915.0,18035029.0,1000.0,350,2012.0
179,180.0,Mews,Yes,No,The Netherlands,Technology,784.47,106.81,22386000.0,2531000.0,226.0,25,2012.0
180,181.0,Titulae,No,No,Spain,Education,783.8,106.75,4870863.0,551128.0,35.0,9,2015.0
181,182.0,systeme.io,No,No,Ireland,Ecommerce,780.26,106.48,2407982.0,273552.0,40.0,5,2016.0
182,183.0,EODH SA,No,No,Greece,Aerospace & Defence,765.91,105.35,2597612.0,299988.0,30.0,20,2003.0
183,184.0,Multix solutions,Yes,No,Italy,Health,764.38,105.23,11586460.0,1340430.0,5.0,2,2015.0
184,185.0,B2DIGIT,No,No,France,Technology,763.88,105.19,1978128.0,228982.0,12.0,2,2016.0
185,186.0,A Million Ads,No,No,UK,Advertising,761.93,105.03,4882837.0,570564.0,47.0,5,2015.0
186,187.0,WoodWatch,Yes,No,The Netherlands,Retail,758.51,104.76,5590390.0,651170.0,25.0,5,2013.0
187,188.0,Fenêtres du Doubs,No,No,France,Construction,753.42,104.36,2238347.0,262280.0,12.0,3,2010.0
188,189.0,Koesea,No,No,Germany,Construction,750.0,104.08,3400000.0,400000.0,65.0,3,2016.0
189,190.0,Podium Advanced Technologies,Yes,Yes,Italy,Automobiles,744.97,103.68,18025740.0,2133310.0,38.0,14,2011.0
190,191.0,SPEGRA,No,No,Croatia,Construction,744.07,103.61,17059791.0,2025879.0,166.0,109,2010.0
191,192.0,GPAINNOVA,Yes,Yes,Spain,Industrial Goods,739.66,103.25,15245617.0,1815680.0,117.0,18,2013.0
192,193.0,Soluzione Tasse,No,No,Italy,Management Consulting,736.2,102.97,18939430.0,2264940.0,23.0,4,2016.0
193,194.0,Velocultour,No,No,Germany,Retail,731.33,102.58,2458500.0,295731.0,15.0,2,2016.0
194,195.0,butorpiac.hu,No,No,Hungary,Ecommerce,731.0,102.55,2184336.0,305268.0,7.0,2,2011.0
195,196.0,Success Solutions,No,No,Czech Republic,Technology,727.39,102.26,2633664.0,327218.0,44.0,8,2016.0
196,197.0,Bug Bite Thing Europe,No,No,Denmark,Health,722.29,101.84,1577878.0,191679.0,1.0,1,1989.0
197,198.0,Dexatel,Yes,Yes,Estonia,Technology,721.49,101.78,11087980.0,1349733.0,24.0,4,2015.0
198,199.0,Gemco,No,No,Italy,Construction,718.65,101.54,3941900.0,481510.0,6.0,1,2015.0
199,200.0,Lyonnaise de Construction et Renovation,No,No,France,Construction,717.46,101.44,6640842.0,812371.0,,,2015.0
200,201.0,Gousto,Yes,Yes,UK,Food & Beverage,713.62,101.13,210945370.0,26112757.0,702.0,204,2012.0
201,202.0,Winter in Venice,No,No,UK,Beauty,710.72,100.89,12682062.0,1575522.0,6.0,4,2010.0
202,203.0,Infratech Bau,Yes,Yes,Germany,Construction,710.04,100.83,60067088.0,7415334.0,72.0,18,2007.0
203,204.0,4Streets Building Innovation Tunnels Bridges Roads,No,No,Italy,Construction,708.86,100.74,6739630.0,833230.0,46.0,3,2016.0
204,205.0,Landbay,Yes,Yes,UK,Fintech,708.18,100.68,8980496.0,1119178.0,95.0,31,2013.0
205,206.0,Degoo,No,No,Sweden,Technology,708.03,100.67,1973775.0,249818.0,18.0,3,2012.0
206,207.0,Franco Fresco,Yes,Yes,Germany,Food & Beverage,707.67,100.64,50723858.0,6280267.0,320.0,52,2016.0
207,208.0,Lendable,No,No,UK,Fintech,707.63,100.63,40305193.0,5026349.0,84.0,25,2014.0
208,209.0,Ulrich Müller Wealth Academy,No,No,Germany,Education,698.59,99.88,3516744.0,440369.0,6.0,2,2014.0
209,210.0,cerascreen,Yes,Yes,Germany,Health,698.46,99.87,10499782.0,1315000.0,84.0,19,2012.0
210,211.0,Eqinov,Yes,No,France,Energy,696.48,99.71,70183744.0,8811708.0,43.0,24,2011.0
211,212.0,Serre Famiglia Pederiva Viticoltori dal 1958,No,No,Italy,Food & Beverage,695.08,99.59,9022020.0,1134730.0,12.0,7,1996.0
212,213.0,Bloom & Wild,No,No,UK,Ecommerce,693.19,99.43,155595726.0,19757296.0,170.0,68,2013.0
213,214.0,Bräutigam,No,No,Germany,Automobiles,693.15,99.43,6315124.0,796207.0,29.0,9,2016.0
214,215.0,Newil & Bau,Yes,No,Finland,Construction,693.05,99.42,19420672.0,2448858.0,7.0,1,2006.0
215,216.0,ID Finance,Yes,Yes,Spain,Fintech,687.67,98.97,103634000.0,13157000.0,411.0,271,2015.0
216,217.0,Kry,No,No,Sweden,Health,683.39,98.61,77764611.0,10152222.0,600.0,74,2014.0
217,218.0,Sixth Sense,Yes,No,Italy,Technology,682.63,98.54,3916570.0,500440.0,25.0,4,2015.0
218,219.0,Nethive,Yes,No,Italy,Cyber Security,681.63,98.46,3960770.0,506730.0,19.0,7,2014.0
219,220.0,Latitude Investment Management,No,No,UK,Financial Services,680.23,98.34,1750466.0,225964.0,8.0,3,2016.0
220,221.0,Qred,Yes,Yes,Sweden,Fintech,679.7,98.29,30414122.0,3989355.0,68.0,10,2015.0
221,222.0,oculavis,No,No,Germany,Technology,678.11,98.16,3924472.0,504357.0,55.0,15,2016.0
222,223.0,The Information Lab,No,No,Italy,Technology,675.86,97.97,4253110.0,548180.0,30.0,5,2015.0
223,224.0,MD Sonnenschutztechnik,No,No,Germany,Construction,675.34,97.92,4068621.0,524750.0,10.0,6,2015.0
224,225.0,Syntio,No,No,Croatia,Technology,673.74,97.79,2127532.0,274966.0,43.0,7,2017.0
225,226.0,Bomae,No,No,Denmark,Financial Services,673.44,97.76,1662487.0,214713.0,13.0,3,2016.0
226,227.0,Gophr,No,No,UK,Technology,665.31,97.07,5738336.0,755191.0,18.0,6,2014.0
227,228.0,Memory PC,Yes,No,Germany,Retail,662.76,96.85,57375000.0,7522000.0,110.0,20,2012.0
228,229.0,Sollis Solargroßhandel,No,No,Germany,Retail,661.92,96.77,11860100.0,1556607.0,6.0,2,2017.0
229,230.0,Spotawheel,Yes,No,Greece,Automobiles,660.16,96.62,15646588.0,2058315.0,123.0,37,2015.0
230,231.0,Ooni Pizza Ovens,Yes,Yes,UK,Personal & Household Goods,656.17,96.28,63879414.0,8508398.0,83.0,18,2012.0
231,232.0,Robovox Distributions,No,No,Germany,Retail,655.91,96.26,19427000.0,2570000.0,35.0,10,2015.0
232,233.0,CentralNic Group,No,No,UK,Technology,655.01,96.18,197260279.0,26626422.0,650.0,92,2000.0
233,234.0,Bernd Andert Transporte,No,No,Germany,Transport,651.57,95.88,4105262.0,546226.0,83.0,16,2003.0
234,235.0,Bluewater Bio,No,No,UK,Technology,651.07,95.84,20201424.0,2708983.0,18.0,16,2007.0
235,236.0,Tecma Solutions,Yes,Yes,Italy,Technology,650.65,95.8,7319870.0,975140.0,107.0,25,2012.0
236,237.0,Delante,Yes,No,Poland,Sales & Marketing,645.92,95.39,2160094.0,316525.0,48.0,21,2015.0
237,238.0,intumind,Yes,No,Germany,Health,641.45,95.0,6560962.0,884885.0,15.0,8,2015.0
238,239.0,Saljol,No,No,Germany,Health,640.72,94.93,4146403.0,559778.0,15.0,10,2016.0
239,240.0,TKD Solutions,No,No,Germany,Telecoms,639.39,94.82,15874245.0,2146950.0,20.0,9,2014.0
240,241.0,Kuori,No,No,Finland,Technology,635.85,94.5,2501902.0,340000.0,15.0,5,2016.0
241,242.0,Ferroamp,Yes,No,Sweden,Energy,635.77,94.5,7645003.0,1062649.0,42.0,21,2010.0
242,243.0,Valor Real Estate Partners,No,No,UK,Financial Services,634.7,94.4,4534588.0,621636.0,23.0,6,2016.0
243,244.0,Anexiti,No,No,France,Technology,633.03,94.26,2565735.0,350019.0,14.0,2,2013.0
244,245.0,GENIUS,No,No,France,Support Services,631.54,94.12,2417902.0,330522.0,23.0,6,2017.0
245,246.0,Instilla,Yes,No,Italy,Advertising,629.15,93.91,2993310.0,410520.0,31.0,3,2015.0
246,247.0,FOOTDISTRICT,Yes,Yes,Spain,Ecommerce,628.49,93.85,14942262.0,2051133.0,60.0,12,2012.0
247,248.0,Spiideo,Yes,No,Sweden,Technology,627.38,93.76,4799358.0,674805.0,36.0,12,2012.0
248,249.0,ContractPodAi,No,No,UK,Technology,626.96,93.72,4875622.0,670685.0,118.0,14,2012.0
249,250.0,Tarhan Bauausführungen,No,No,Germany,Construction,625.88,93.62,1851000.0,255000.0,15.0,5,2017.0
250,251.0,Matillion,No,No,UK,Technology,624.36,93.49,24580709.0,3417815.0,218.0,44,2010.0
251,252.0,Extra Mile Live Service,No,No,Germany,Retail,623.62,93.42,2637501.0,364485.0,5.0,2,2017.0
252,253.0,LITTLEBIG CONNECTION,No,Yes,France,Support Services,612.55,92.43,111538883.0,15653388.0,173.0,17,2013.0
253,254.0,SPC General Service,Yes,No,Italy,Construction,611.08,92.3,6788660.0,954700.0,50.0,15,2011.0
254,255.0,jobandtalent,Yes,Yes,Spain,Technology,608.12,92.03,352879165.0,49833511.0,801.0,156,2008.0
255,256.0,Financial House,No,No,UK,Fintech,608.11,92.03,18766625.0,2669247.0,20.0,14,2016.0
256,257.0,MyLead,No,No,Poland,Sales & Marketing,607.97,92.02,2004501.0,309471.0,42.0,8,2013.0
257,258.0,Mia-Platform,Yes,Yes,Italy,Technology,605.35,91.78,6515510.0,923730.0,74.0,15,2016.0
258,259.0,Tecnimed,No,No,Italy,Health,604.94,91.74,9551790.0,1354980.0,32.0,20,1976.0
259,260.0,Longevity Partners,No,No,UK,Retail,601.43,91.42,2336243.0,335460.0,22.0,5,2015.0
260,261.0,NexumStp,Yes,Yes,Italy,Management Consulting,601.37,91.42,25667400.0,3659630.0,345.0,56,2015.0
261,262.0,G-ON,No,No,France,Support Services,598.1,91.12,1810459.0,259342.0,16.0,3,2016.0
262,263.0,Picnic,No,No,UK,Advertising,590.77,90.45,1508869.0,219999.0,10.0,3,2016.0
263,264.0,Egomnia,No,No,Italy,Technology,586.95,90.1,1901140.0,276750.0,36.0,2,2012.0
264,265.0,LoyaltyLion,No,No,UK,Technology,586.89,90.09,4483296.0,657382.0,40.0,10,2012.0
265,266.0,reMarkable,No,No,Norway,Technology,581.48,89.59,115793390.0,18106514.0,142.0,22,2016.0
266,267.0,Kubrick,Yes,No,UK,Management Consulting,580.1,89.46,32614354.0,4829922.0,673.0,119,2016.0
267,268.0,Contrader,Yes,No,Italy,Technology,579.81,89.44,4682960.0,688860.0,35.0,7,2012.0
268,269.0,SAMONT,Yes,No,Germany,Industrial Goods,579.56,89.41,19577339.0,2880891.0,89.0,39,2008.0
269,270.0,Sirive,No,No,Italy,Construction,578.64,89.33,4527690.0,667170.0,5.0,1,2017.0
270,271.0,Multienergia Verde,No,No,Spain,Energy,576.76,89.15,146453604.0,21640253.0,15.0,10,2014.0
271,272.0,Wielandts UPMT,No,No,Belgium,Technology,575.79,89.06,1529270.0,226295.0,6.0,1,2013.0
272,273.0,ASKET,No,No,Sweden,Fashion,573.05,88.81,6525278.0,991534.0,13.0,4,2015.0
273,274.0,Central Warehouse Solution,No,No,Czech Republic,Transport,569.09,88.44,1788545.0,274790.0,45.0,10,2015.0
274,275.0,Chef in Camicia,No,No,Italy,Advertising,566.63,88.2,2071960.0,310810.0,21.0,2,2015.0
275,276.0,Piper Homes,No,No,UK,Construction,566.22,88.17,30436232.0,4601266.0,28.0,9,2015.0
276,277.0,Alturas Cubiertas Y Fachadas,No,No,Spain,Construction,564.06,87.96,9375243.0,1411811.0,33.0,12,2014.0
277,278.0,Autosalon Uhingen,No,No,Germany,Automobiles,563.94,87.95,10540000.0,1587500.0,11.0,2,2015.0
278,279.0,Yumi Beauty,No,No,France,Chemicals & Pharmaceuticals,561.59,87.73,2678257.0,404819.0,5.0,1,2013.0
279,280.0,FOR ME LAB,No,No,France,Ecommerce,556.12,87.21,1652073.0,251795.0,7.0,2,2016.0
280,281.0,Stockholms Elbolag,No,No,Sweden,Energy,555.65,87.16,32265912.0,5033032.0,25.0,7,2015.0
281,282.0,Flohr,No,No,Germany,Waste management & recycling,555.52,87.15,21249638.0,3241629.0,84.0,21,1999.0
282,283.0,Agricodem,No,No,Italy,Agricultural Commodities,554.25,87.03,2856530.0,436610.0,4.0,1,2008.0
283,284.0,DACH Schutzbekleidung,No,No,Germany,Industrial Goods,552.07,86.82,45227730.0,6936038.0,80.0,14,2005.0
284,285.0,EM-Tec Energiemontagen,No,No,Germany,Construction,551.35,86.75,3002729.0,461000.0,16.0,7,2017.0
285,286.0,Wave Studio,No,No,Romania,Technology,550.0,86.63,4105688.0,656172.0,9.0,8,2014.0
286,287.0,bazzar,No,No,Croatia,Retail,548.14,86.45,6686617.0,1034093.0,17.0,3,2013.0
287,288.0,Cybersprint,Yes,No,The Netherlands,Cyber Security,548.05,86.44,2914738.0,449771.0,43.0,10,2015.0
288,289.0,Brandon Group,Yes,No,Italy,Ecommerce,546.65,86.3,32039000.0,4954590.0,34.0,19,2012.0
289,290.0,Feiniko Handelsgesellschaft,Yes,Yes,Germany,Retail,546.03,86.24,32168909.0,4979484.0,13.0,1,2014.0
290,291.0,PharmaGrin,No,No,Italy,Health,539.22,85.59,2701410.0,422610.0,21.0,2,2015.0
291,292.0,Life M,No,No,Czech Republic,Technology,538.99,85.57,2001844.0,322050.0,3.0,1,2016.0
292,293.0,Plásticos Dão / Sacos & Saquetas,No,No,Portugal,Industrial Goods,538.61,85.53,1946703.0,304833.0,16.0,5,2012.0
293,294.0,Logipal24,Yes,No,Germany,Transport,529.56,84.65,4967568.0,789058.0,70.0,19,2010.0
294,295.0,PastBook,Yes,Yes,The Netherlands,Technology,527.7,84.47,33651532.0,5361088.0,22.0,23,2012.0
295,296.0,Bluefin,Yes,No,UK,Ecommerce,527.48,84.45,28993287.0,4653721.0,21.0,6,2013.0
296,297.0,Milk & Honey PR,No,No,UK,Sales & Marketing,526.03,84.3,1528900.0,245974.0,18.0,4,2016.0
297,298.0,Prodeval,No,No,France,Energy,525.3,84.23,73514217.0,11756712.0,220.0,70,1990.0
298,299.0,Virta,Yes,Yes,Finland,Technology,524.73,84.18,11029402.0,1765457.0,110.0,23,2013.0
299,300.0,BizAway,Yes,No,Italy,Travel & Leisure,523.93,84.1,1989950.0,318940.0,28.0,4,2015.0
300,301.0,Karl & Léon,No,No,France,Retail,520.62,83.77,2391019.0,385266.0,6.0,2,2015.0
301,302.0,Identity,No,No,UK,Management Consulting,517.38,83.45,22885804.0,3733539.0,80.0,39,2001.0
302,303.0,BlackBelt Holding,No,No,Hungary,Technology,517.01,83.41,5695000.0,923000.0,55.0,4,2016.0
303,304.0,DYNVEO,No,No,France,Retail,515.99,83.31,3687780.0,598678.0,13.0,1,2010.0
304,305.0,Favi,No,No,Czech Republic,Ecommerce,515.51,83.26,24995030.0,4174549.0,29.0,7,2016.0
305,306.0,Hopkins,No,No,Finland,Sales & Marketing,514.46,83.16,4534346.0,737936.0,27.0,4,2016.0
306,307.0,AP Italian Luxury,Yes,No,Italy,Fashion,513.48,83.06,4283930.0,698300.0,7.0,3,2016.0
307,308.0,Novicap,Yes,Yes,UK,Fintech,513.18,83.03,3383802.0,551848.0,45.0,20,2015.0
308,309.0,IGLM Store,No,No,Italy,Ecommerce,509.86,82.7,7790420.0,1277410.0,5.0,1,2013.0
309,310.0,LUIS Technology,No,No,Germany,Technology,507.97,82.51,10000511.0,1644899.0,41.0,8,1999.0
310,311.0,Quantexa,Yes,No,UK,Fintech,505.07,82.22,33902755.0,5643295.0,275.0,55,2016.0
311,312.0,Enerbrain,No,No,Italy,Energy,502.79,81.99,4131370.0,685370.0,37.0,9,2014.0
312,313.0,Brinckmann,No,No,Germany,Construction,502.19,81.93,6037461.0,1002579.0,28.0,7,2013.0
313,314.0,LMG Building,Yes,No,Italy,Construction,499.55,81.67,6255970.0,1043440.0,12.0,6,1982.0
314,315.0,Nordic Unmanned,Yes,No,Norway,Aerospace & Defence,498.36,81.55,6305237.0,1122907.0,33.0,12,2013.0
315,316.0,Hemisphere,No,No,France,Property,493.89,81.09,6484822.0,1091925.0,6.0,2,2017.0
316,317.0,therapiezentrum.com NW,No,No,Germany,Health,491.72,80.87,2916337.0,492860.0,87.0,23,2017.0
317,318.0,Beauhurst,No,No,UK,Technology,488.5,80.54,5355215.0,916511.0,82.0,39,2010.0
318,319.0,C.U.N. Cargo Carriers,No,No,Romania,Transport,488.24,80.52,7103702.0,1207613.0,49.0,43,2017.0
319,320.0,MG Project,Yes,No,Italy,Telecoms,487.83,80.48,8208450.0,1396400.0,34.0,23,2016.0
320,321.0,BONMEA,Yes,No,Germany,Retail,487.47,80.44,14597418.0,2484783.0,6.0,3,2015.0
321,322.0,Oceanis Yachts,No,No,Italy,Travel & Leisure,486.88,80.38,3059130.0,521250.0,6.0,2,2007.0
322,323.0,OPUS DB,No,No,France,Construction,486.24,80.31,12171118.0,2076139.0,8.0,2,2016.0
323,324.0,Devensys Cybersecurity,No,No,France,Technology,486.08,80.3,3403055.0,580644.0,27.0,9,2013.0
324,325.0,Project Agora,No,No,Cyprus,Advertising,485.69,80.26,19798875.0,3380420.0,104.0,25,2016.0
325,326.0,BETTERTRUST,No,No,Germany,Advertising,483.67,80.05,4981938.0,853561.0,19.0,5,2012.0
326,327.0,Banale,No,No,Italy,Ecommerce,482.78,79.96,2051370.0,352000.0,10.0,3,2014.0
327,328.0,Maatwerk Online,No,No,The Netherlands,Sales & Marketing,481.07,79.78,1673382.0,287985.0,17.0,5,2013.0
328,329.0,Les constructeurs du bois,No,No,France,Property,479.95,79.67,5087783.0,877275.0,6.0,1,2011.0
329,330.0,Esserre Pharma,No,No,Italy,Pharmaceuticals,479.4,79.61,2556640.0,441260.0,10.0,6,2013.0
330,331.0,OnBuy.com,No,No,UK,Ecommerce,478.83,79.55,2720319.0,473344.0,18.0,8,2014.0
331,332.0,Gojob,Yes,No,France,Support Services,478.65,79.53,40546000.0,7007000.0,108.0,27,2015.0
332,333.0,Newroom,No,No,Germany,Retail,474.45,79.09,3669217.0,638739.0,10.0,6,2016.0
333,334.0,Christmas the Original,No,No,Italy,Retail,474.38,79.09,1994200.0,347190.0,9.0,3,2016.0
334,335.0,Dimaxbau,No,No,Germany,Construction,473.16,78.96,2003989.0,349641.0,16.0,5,2016.0
335,336.0,Comnovis IT,No,No,Germany,Technology,471.65,78.8,1900000.0,332372.0,9.0,2,2013.0
336,337.0,Die Direktkontakter,No,No,Germany,Support Services,471.6,78.8,2818000.0,493000.0,8.0,4,2016.0
337,338.0,Mega Trasporti,Yes,No,Italy,Transport,470.4,78.67,18168170.0,3185180.0,400.0,30,2010.0
338,339.0,LeHibou,Yes,No,France,Technology,470.21,78.65,13816792.0,2423113.0,40.0,9,2014.0
339,340.0,Stufe A Pellet Italia,Yes,No,Italy,Interiors,469.76,78.61,3598050.0,631500.0,13.0,3,2014.0
340,341.0,Aquis Exchange,Yes,Yes,UK,Financial Services,469.71,78.6,12824155.0,2267165.0,46.0,31,2012.0
341,342.0,Chattermill,Yes,No,UK,Technology,468.8,78.51,2306045.0,408336.0,50.0,8,2015.0
342,343.0,SchönerTel,No,No,Germany,Construction,468.18,78.44,16388546.0,2884392.0,45.0,10,2016.0
343,344.0,Global Work,Yes,Yes,Italy,Telecoms,467.98,78.42,3174000.0,558820.0,57.0,8,2011.0
344,345.0,allygatr,No,No,Germany,Support Services,465.92,78.2,1914500.0,338300.0,9.0,1,2012.0
345,346.0,Cru Wine,Yes,Yes,UK,Food & Beverage,465.78,78.19,9235946.0,1644134.0,14.0,3,2013.0
346,347.0,Abc Rent,Yes,No,Italy,Automobiles,462.56,77.85,21818000.0,3878370.0,8.0,5,2004.0
347,348.0,Superior Wellness,No,No,UK,Personal & Household Goods,461.12,77.7,54150622.0,9719653.0,57.0,20,2011.0
348,349.0,Schrott24,No,No,Austria,Waste management & recycling,460.83,77.67,14641523.0,2610679.0,12.0,3,2016.0
349,350.0,Mazzoni Etech,No,No,Italy,Industrial Goods,459.21,77.5,2344440.0,419240.0,14.0,3,2017.0
350,351.0,Berdugo Immobilier,No,No,France,Property,458.13,77.38,15049845.0,2696485.0,6.0,4,1996.0
351,352.0,Nova rent,No,No,Lithuania,Industrial Goods,456.25,77.18,8900000.0,1600000.0,37.0,9,2016.0
352,353.0,Rouvy,No,No,Czech Republic,Games industry,455.45,77.1,4058269.0,751071.0,38.0,13,2013.0
353,354.0,Business Analysis & Legal Expertise - B.A.L.E.,No,No,Italy,Management Consulting,452.48,76.78,2943020.0,532690.0,4.0,3,2015.0
354,355.0,JMB,No,No,Poland,Energy,452.2,76.75,70179000.0,12709000.0,381.0,172,2000.0
355,356.0,NOCNOC,No,No,France,Travel & Leisure,450.85,76.61,1596167.0,289766.0,13.0,2,2016.0
356,357.0,CrowdProperty,Yes,No,UK,Fintech,449.16,76.43,2941537.0,539486.0,33.0,5,2013.0
357,358.0,Tutos’Me,No,No,France,Education,447.76,76.28,4989872.0,910963.0,42.0,4,2015.0
358,359.0,Studio Eko’,No,No,Italy,Management Consulting,446.74,76.17,1740660.0,318370.0,10.0,4,2011.0
359,360.0,Beings,No,No,UK,Technology,444.42,75.92,1881768.0,348129.0,7.0,2,2010.0
360,361.0,dmrgroupltd.com,No,Yes,Poland,Chemicals & Pharmaceuticals,443.14,75.78,7050124.0,1418769.0,6.0,3,2013.0
361,362.0,Ice Telecommunications Ltd,No,No,UK,Telecoms,442.64,75.73,16067551.0,2982238.0,119.0,35,2014.0
362,363.0,Gallas Group,No,No,Italy,Support Services,441.64,75.62,4640710.0,856790.0,95.0,18,2012.0
363,364.0,Etracom,Yes,Yes,Italy,Ecommerce,439.61,75.4,22952660.0,4253600.0,10.0,4,2010.0
364,365.0,Xalient,No,No,UK,Technology,439.22,75.36,26199717.0,4893654.0,88.0,38,2015.0
365,366.0,Labevolution,No,No,Italy,Health,438.38,75.27,7264130.0,1349250.0,,5,2009.0
366,367.0,Kuadra,Yes,No,Italy,Interiors,435.19,74.92,3400580.0,635400.0,20.0,9,2015.0
367,368.0,Kyo Electric,Yes,Yes,Spain,Telecoms,433.2,74.7,5402302.0,1013181.0,8.0,3,2014.0
368,369.0,SoPost,No,No,UK,Technology,432.02,74.57,7825138.0,1481398.0,32.0,13,2012.0
369,370.0,S.F.R.E.,No,No,Italy,Construction,431.82,74.55,3004290.0,564910.0,44.0,7,2016.0
370,371.0,Sportstech,Yes,Yes,Germany,Retail,430.92,74.45,108500233.0,20436426.0,262.0,60,2012.0
371,372.0,Opéra Energie,Yes,No,France,Energy,427.38,74.06,11218211.0,2127151.0,98.0,40,2014.0
372,373.0,RouteNote,No,No,UK,Technology,427.36,74.06,38428858.0,7339330.0,76.0,28,2010.0
373,374.0,Doctify,No,No,UK,Health,425.6,73.87,2409255.0,461671.0,40.0,26,2016.0
374,375.0,Fruugo,Yes,No,UK,Ecommerce,425.57,73.86,21793194.0,4176347.0,67.0,30,2008.0
375,376.0,Insidemarketing,No,No,Germany,Technology,421.7,73.44,2971846.0,569646.0,15.0,7,2012.0
376,377.0,Falzi,No,No,Italy,Waste management & recycling,420.34,73.29,2037320.0,391540.0,11.0,2,2013.0
377,378.0,Atrys Health,No,No,Spain,Health,420.23,73.27,31396438.0,6035116.0,504.0,62,2015.0
378,379.0,Il Cantiere Costruzioni,No,No,Italy,Construction,420.04,73.25,4297790.0,826430.0,4.0,1,2016.0
379,380.0,Soorce,Yes,Yes,Germany,Support Services,418.96,73.13,15639618.0,3013629.0,22.0,13,2004.0
380,381.0,Sortlist,No,No,Belgium,Technology,418.47,73.08,3396000.0,655000.0,85.0,26,2013.0
381,382.0,VirtusLab,Yes,Yes,Poland,Technology,417.12,72.93,12468548.0,2635420.0,234.0,90,2010.0
382,383.0,SkalHuset.se,No,No,Sweden,Ecommerce,416.23,72.83,7342811.0,1454711.0,16.0,5,2012.0
383,384.0,VIPINO,No,No,Germany,Retail,415.23,72.72,11067681.0,2148122.0,26.0,6,2013.0
384,385.0,GEA Service,No,No,Italy,Waste management & recycling,411.71,72.32,6673050.0,1304060.0,133.0,30,2015.0
385,386.0,Gellify,Yes,No,Italy,Technology,411.64,72.31,5581540.0,1090920.0,62.0,12,2016.0
386,387.0,Billion Dollar Boy,Yes,No,UK,Advertising,411.37,72.28,13085484.0,2577297.0,92.0,42,2014.0
387,388.0,Westrafo,No,No,Italy,Energy,406.66,71.75,22072700.0,4356500.0,58.0,19,2014.0
388,389.0,Goboony,No,No,The Netherlands,Travel & Leisure,404.97,71.56,1718442.0,340309.0,21.0,10,2015.0
389,390.0,Multiservice Ambrosiana,No,No,Italy,Support Services,404.13,71.47,4266770.0,846360.0,180.0,60,2016.0
390,391.0,b&c systems,No,No,Germany,Construction,403.1,71.35,5339538.0,1061327.0,65.0,16,2016.0
391,392.0,S&G Solar,No,Yes,Bulgaria,Energy,402.58,71.29,3980920.0,792093.0,10.0,31,2014.0
392,393.0,BITTNET,No,Yes,Romania,Management Consulting,402.13,71.24,22436395.0,4641712.0,120.0,40,2007.0
393,394.0,Ibanfirst,Yes,Yes,Belgium,Fintech,400.9,71.1,12062697.0,2408187.0,204.0,47,2013.0
394,395.0,UPLINK Network,Yes,Yes,Germany,Telecoms,399.83,70.98,28140196.0,5629906.0,46.0,20,2013.0
395,396.0,BASE ORGANIC FOOD,No,No,France,Agricultural Commodities,399.44,70.93,10802997.0,2163006.0,25.0,6,2015.0
396,397.0,CurrentBody,No,No,UK,Ecommerce,398.9,70.87,38002441.0,7671961.0,74.0,20,2009.0
397,398.0,Apex Aero,No,No,UK,Aerospace & Defence,398.7,70.85,3812785.0,770031.0,6.0,1,2016.0
398,399.0,Startup Development House,No,No,Poland,Technology,398.69,70.85,1514111.0,303615.0,59.0,25,2016.0
399,400.0,Gruppo Gheron,No,No,Italy,Health,398.15,70.79,58422800.0,11728040.0,806.0,8,2010.0
400,401.0,DyFlowing,No,No,Italy,Technology,396.92,70.65,1696320.0,341370.0,30.0,5,2016.0
401,402.0,Digital Masters,No,No,Germany,Advertising,396.52,70.6,3019110.0,608053.0,40.0,22,2016.0
402,403.0,Prusseit Auto-Outlet,No,No,Germany,Automobiles,394.55,70.37,2576602.0,520998.0,17.0,3,2017.0
403,404.0,Techouse,No,No,Norway,Energy,394.51,70.37,31852584.0,6863940.0,72.0,30,2002.0
404,405.0,SVS,No,No,Italy,Construction,393.21,70.22,9694310.0,1965560.0,8.0,3,2016.0
405,406.0,TelcoSwitch Group,No,No,UK,Telecoms,390.55,69.91,7519236.0,1543824.0,86.0,18,2017.0
406,407.0,BOTHE-REIMANN Tortechnik,No,No,Germany,Construction,390.53,69.91,2277791.0,464354.0,8.0,3,2017.0
407,408.0,e-Pol / Personalizzalo,No,No,Italy,Ecommerce,389.87,69.83,16089160.0,3284400.0,12.0,8,2012.0
408,409.0,Riluxa,No,No,Spain,Interiors,389.78,69.82,3428464.0,700007.0,18.0,3,2016.0
409,410.0,Modalis,No,No,France,Transport,389.56,69.8,19169652.0,3915724.0,8.0,6,2002.0
410,411.0,OLYMPP,No,No,France,Technology,388.82,69.71,5512134.0,1127652.0,27.0,8,2016.0
411,412.0,Zeck Fishing,Yes,Yes,Germany,Retail,385.68,69.35,6806664.0,1401463.0,25.0,4,2013.0
412,413.0,StorPool Storage,No,No,Bulgaria,Technology,385.16,69.29,3306191.0,681460.0,25.0,16,2011.0
413,414.0,Vimcar,No,No,Germany,Technology,383.45,69.09,14674011.0,3035269.0,164.0,72,2013.0
414,415.0,JOANNES DISTRIBUTION SAS,No,Yes,France,Retail,381.19,68.83,7064900.0,1468200.0,8.0,5,2011.0
415,416.0,Sourcing Force,No,No,France,Technology,380.8,68.78,12806965.0,2663699.0,30.0,8,2011.0
416,417.0,Schalttechnik Nord,No,No,Germany,Technology,380.13,68.7,12489032.0,2601157.0,60.0,16,2000.0
417,418.0,DGC,No,No,Germany,Cyber Security,378.99,68.57,1577296.0,329298.0,27.0,5,2015.0
418,419.0,Superprof,Yes,Yes,France,Education,375.9,68.2,10168214.0,2136626.0,202.0,28,2013.0
419,420.0,Improveasy,Yes,No,UK,Management Consulting,375.47,68.15,26446798.0,5602132.0,48.0,12,2011.0
420,421.0,Viaréno,No,No,France,Construction,375.3,68.13,6937737.0,1459655.0,30.0,8,2014.0
421,422.0,CMT,No,No,Slovakia,Waste management & recycling,373.76,67.95,1951232.0,411858.0,19.0,10,2013.0
422,423.0,Rets,No,No,Poland,Property,373.42,67.91,5206032.0,1201964.0,97.0,31,2014.0
423,424.0,MUBI,No,No,UK,Media,373.09,67.87,18356623.0,3954351.0,104.0,33,2007.0
424,425.0,Dynamicom Education,No,No,Italy,Education,372.95,67.86,9018160.0,1906790.0,27.0,3,2001.0
425,426.0,Touch4IT,No,No,Slovakia,Technology,371.54,67.69,2064141.0,437747.0,47.0,25,2015.0
426,427.0,TattaHome.com,No,No,Italy,Interiors,369.96,67.5,2800000.0,595800.0,8.0,4,1986.0
427,428.0,Speechmatics,Yes,Yes,UK,Technology,368.02,67.27,7161145.0,1541070.0,90.0,37,2006.0
428,429.0,Samy Road,Yes,Yes,Spain,Advertising,367.32,67.19,19458114.0,4163750.0,118.0,20,2012.0
429,430.0,Prometeo,No,No,Italy,Support Services,367.12,67.16,3580500.0,766510.0,9.0,6,2006.0
430,431.0,Dialectica,Yes,No,UK,Management Consulting,366.38,67.08,17078846.0,3688264.0,260.0,65,2015.0
431,432.0,Wolf & Badger,Yes,No,UK,Ecommerce,365.87,67.01,11604670.0,2508842.0,62.0,32,2009.0
432,433.0,Eco CO2,Yes,Yes,France,Support Services,365.14,66.93,9220216.0,1982251.0,94.0,28,2009.0
433,434.0,Lakógép Kft.,No,No,Hungary,Construction,364.94,66.9,25335854.0,6328462.0,20.0,3,2011.0
434,435.0,Beyer Betonwaren,No,No,Germany,Construction,364.9,66.9,2062749.0,443694.0,20.0,9,2017.0
435,436.0,Fill Up Média,Yes,Yes,France,Media,362.48,66.61,4999802.0,1081079.0,42.0,12,2011.0
436,437.0,Zara Imballaggi Fabriano,Yes,No,Italy,Industrial Goods,362.41,66.6,2297210.0,496790.0,6.0,4,1984.0
437,438.0,CD Projekt,No,No,Poland,Games industry,361.78,66.52,468257487.0,110835763.0,1177.0,744,1994.0
438,439.0,VPACE Bikes,No,No,Germany,Retail,361.24,66.46,2643580.0,573145.0,10.0,1,2015.0
439,440.0,Tooltester,Yes,No,Spain,Sales & Marketing,361.17,66.45,3646507.0,790712.0,6.0,0,2014.0
440,441.0,Bunker Partner,Yes,Yes,Estonia,Energy,361.12,66.45,101726265.0,22060642.0,7.0,2,2015.0
441,442.0,Tikamoon,No,No,France,Ecommerce,360.01,66.31,56122322.0,12200275.0,130.0,40,2006.0
442,443.0,S.T.A.R. Digital,No,No,Croatia,Advertising,359.98,66.31,3211868.0,699907.0,8.0,10,2013.0
443,444.0,Funding Options,Yes,No,UK,Fintech,359.62,66.26,5922043.0,1297717.0,62.0,29,2011.0
444,445.0,Isimed,No,No,Italy,Health,359.61,66.26,4828920.0,1050660.0,14.0,8,2014.0
445,446.0,"Sonar, SonarQube, SonarCloud, SonarLint",No,No,Switzerland,Technology,358.59,66.14,83632640.0,16861349.0,195.0,50,2008.0
446,447.0,Scherer,No,No,Germany,Support Services,358.37,66.11,4285766.0,934994.0,30.0,4,2016.0
447,448.0,Mycroclean Italia,No,No,Italy,Support Services,357.44,66.0,3366730.0,736000.0,24.0,14,2002.0
448,449.0,Piscor,No,No,Italy,Ecommerce,356.25,65.86,4842410.0,1061360.0,16.0,8,2015.0
449,450.0,Marwincar,Yes,No,Italy,Automobiles,356.21,65.85,5083140.0,1114200.0,3.0,1,2016.0
450,451.0,Brighton & Hove Albion Football Club,No,No,UK,Travel & Leisure,355.67,65.79,148505285.0,32824451.0,1038.0,288,1993.0
451,452.0,INPE Transport,No,No,Bulgaria,Transport,355.58,65.78,1816274.0,398676.0,60.0,5,2015.0
452,453.0,RTB House,Yes,Yes,Poland,Technology,355.45,65.76,191601076.0,45981552.0,773.0,266,2013.0
453,454.0,Obiz,Yes,Yes,France,Media,353.69,65.55,15377000.0,3389300.0,38.0,27,2010.0
454,455.0,VmWay,Yes,Yes,Italy,Technology,351.01,65.22,15901220.0,3525720.0,70.0,33,2012.0
455,456.0,Legimi,No,No,Poland,Media,350.96,65.21,7007093.0,1698358.0,12.0,8,2009.0
456,457.0,MSG Beauty,No,No,Germany,Retail,350.83,65.2,2910737.0,645633.0,11.0,5,2011.0
457,458.0,Leogra Trading,No,No,Germany,Retail,350.12,65.11,5078464.0,1128243.0,11.0,4,2014.0
458,459.0,Benefind,No,No,Italy,Technology,347.56,64.8,2262490.0,505520.0,32.0,10,2012.0
459,460.0,AB Oil & Gas Service,No,No,Italy,Support Services,347.12,64.74,2310000.0,516640.0,13.0,5,2017.0
460,461.0,Mailtrack,Yes,No,Spain,Technology,344.41,64.41,3445698.0,775341.0,23.0,14,2013.0
461,462.0,Bumper,Yes,No,UK,Fintech,343.11,64.25,3394214.0,771504.0,33.0,15,2013.0
462,463.0,OTL - Online Trainer,No,No,Germany,Health,342.81,64.21,6607564.0,1492190.0,46.0,22,2015.0
463,464.0,Macingo Technologies,No,No,Italy,Support Services,342.52,64.18,1601000.0,361790.0,17.0,9,2014.0
464,465.0,MYCS,No,No,Germany,Retail,340.45,63.92,39355846.0,8935361.0,210.0,120,2014.0
465,466.0,Audience Serv,No,No,Germany,Advertising,339.5,63.8,6107018.0,1389534.0,92.0,23,2008.0
466,467.0,Start,No,No,Italy,Telecoms,339.5,63.8,3769100.0,857590.0,8.0,4,2012.0
467,468.0,MvH Media,No,No,The Netherlands,Sales & Marketing,338.88,63.73,2391654.0,544943.0,29.0,8,2010.0
468,469.0,PURE GAMING,Yes,Yes,France,Ecommerce,338.29,63.65,6984956.0,1593667.0,2.0,1,2010.0
469,470.0,Parcel Compare,No,No,UK,Transport,337.44,63.55,9085936.0,2091995.0,8.0,4,1998.0
470,471.0,Ames Centro Polidiagnostico Strumentale,Yes,Yes,Italy,Health,337.37,63.54,40391360.0,9235130.0,81.0,71,1979.0
471,472.0,Arcadia Italia,No,No,Italy,Energy,337.22,63.52,3249140.0,743130.0,6.0,1,2016.0
472,473.0,Zia Lucia,Yes,No,UK,Restaurants,336.69,63.45,4853930.0,1119494.0,43.0,16,2016.0
473,474.0,Travaglini Costruzioni,No,No,Italy,Construction,333.49,63.05,4603740.0,1062010.0,37.0,16,1952.0
474,475.0,Versa Design Zycle,No,No,Spain,Technology,331.97,62.86,9501888.0,2199640.0,81.0,10,2008.0
475,476.0,MAUCHER CONSULT,No,No,Germany,Construction,331.77,62.84,1952000.0,452091.0,15.0,5,2016.0
476,477.0,Ayes,Yes,No,Italy,Technology,331.2,62.76,10827070.0,2510930.0,137.0,51,2015.0
477,478.0,BrandUp Group,Yes,No,Italy,Advertising,331.08,62.75,2718640.0,630660.0,5.0,1,2016.0
478,479.0,Opyn,No,No,Italy,Financial Services,329.74,62.58,4168220.0,969930.0,19.0,11,2012.0
479,480.0,VAR Capital,No,No,UK,Financial Services,329.62,62.57,2132001.0,499815.0,8.0,4,2014.0
480,481.0,StoryTerrace,No,No,UK,Technology,329.0,62.49,2843048.0,667467.0,25.0,9,2017.0
481,482.0,Blubit,No,No,Slovenia,Technology,328.98,62.48,2964852.0,691140.0,22.0,8,2009.0
482,483.0,ZEN’UP,No,No,France,Insurance,328.62,62.44,1891361.0,441271.0,9.0,9,2014.0
483,484.0,Lörcher Bauunternehmen,No,No,Germany,Construction,328.53,62.43,3932792.0,917735.0,25.0,17,2001.0
484,485.0,Barcode Architects,No,No,The Netherlands,Architecture,327.77,62.33,4851997.0,1134256.0,62.0,23,2010.0
485,486.0,TOP CHALEUR,No,No,France,Retail,326.52,62.17,7260096.0,1702165.0,27.0,9,2002.0
486,487.0,Seingim,Yes,Yes,Italy,Construction,326.09,62.12,13479380.0,3163540.0,160.0,52,1999.0
487,488.0,Amphibian Scaffolding,No,No,UK,Construction,325.82,62.08,4011415.0,948813.0,49.0,21,2008.0
488,489.0,Beliani,No,No,Liechtenstein,Ecommerce,325.61,62.06,93438770.0,20298288.0,551.0,205,2009.0
489,490.0,Hatstore,Yes,No,Sweden,Ecommerce,325.42,62.03,17453187.0,4195789.0,45.0,17,2011.0
490,491.0,Carpenteria Martino,No,No,Italy,Construction,325.19,62.0,9719750.0,2286000.0,27.0,19,2006.0
491,492.0,CapitalOnTap,Yes,Yes,UK,Fintech,324.99,61.98,82238372.0,19489369.0,147.0,61,2012.0
492,493.0,Netguru,No,No,Poland,Technology,324.26,61.89,34677235.0,8933769.0,637.0,199,2008.0
493,494.0,Fazio,No,No,Italy,Retail,322.41,61.65,3375810.0,799170.0,7.0,6,2014.0
494,495.0,Grillfürst,No,No,Germany,Retail,322.06,61.61,38599408.0,9145411.0,84.0,37,2010.0
495,496.0,Dealernet,No,No,Italy,Automobiles,320.92,61.46,22704300.0,5394020.0,18.0,14,2017.0
496,497.0,Alpha Real Estate,Yes,Yes,Germany,Property,319.89,61.33,119161137.0,28378990.0,57.0,14,2013.0
497,498.0,Appwise,No,No,Belgium,Technology,319.07,61.22,4546110.0,1084812.0,74.0,12,2013.0
498,499.0,Convert Group,Yes,No,Greece,Technology,318.77,61.18,2789489.0,666118.0,55.0,17,2014.0
499,500.0,Revolution Race,Yes,No,Sweden,Ecommerce,318.3,61.12,89332521.0,21841341.0,65.0,17,2013.0
500,501.0,GONG Galaxy,No,No,France,Retail,318.01,61.09,11320706.0,2708258.0,40.0,11,2009.0
501,502.0,GDR Costruzioni,No,No,Italy,Construction,317.99,61.09,1573480.0,376440.0,8.0,8,2011.0
502,503.0,Emporio Elettrico,No,No,Italy,Ecommerce,317.84,61.07,1979050.0,473640.0,4.0,1,2015.0
503,504.0,Exscientia AI,Yes,No,UK,Technology,317.63,61.04,10807048.0,2606296.0,87.0,15,2012.0
504,505.0,Featurespace,No,No,UK,Fintech,316.08,60.84,23501473.0,5688822.0,324.0,128,2005.0
505,506.0,XL ENERGIES,No,No,France,Energy,315.16,60.72,8358760.0,2013403.0,11.0,3,2016.0
506,507.0,Claveria,No,No,Spain,Support Services,314.56,60.64,4715363.0,1137450.0,43.0,20,2015.0
507,508.0,Timberagents,No,No,Germany,Retail,313.98,60.57,5302985.0,1280989.0,4.0,3,2010.0
508,509.0,fermeture econ’home,No,No,France,Construction,312.82,60.42,1862632.0,451196.0,30.0,2,2012.0
509,510.0,NRSE,No,No,Sweden,Management Consulting,309.97,60.05,3268813.0,815449.0,70.0,20,2014.0
510,511.0,SIMWERT,Yes,Yes,Germany,Telecoms,309.05,59.93,26386701.0,6450759.0,21.0,16,2011.0
511,512.0,Flex Legal,No,No,UK,Law,308.66,59.88,4319146.0,1064498.0,24.0,2,2015.0
512,513.0,Documaster,Yes,No,Norway,Technology,308.41,59.85,3328791.0,868552.0,41.0,15,2010.0
513,514.0,Immo-Team Allgäu,No,No,Germany,Construction,308.37,59.84,21974565.0,5381108.0,4.0,1,2014.0
514,515.0,creditshelf,Yes,No,Germany,Financial Services,307.62,59.74,4899200.0,1201900.0,57.0,17,2014.0
515,516.0,Blife,Yes,No,Italy,Food & Beverage,306.7,59.62,4133980.0,1016480.0,10.0,7,2016.0
516,517.0,Nohup,Yes,No,Italy,Technology,306.29,59.57,4785480.0,1177860.0,18.0,9,2004.0
517,518.0,Noctuai,Yes,No,Poland,Technology,306.22,59.56,2443117.0,657377.0,56.0,17,2012.0
518,519.0,Ares,Yes,Yes,Germany,Industrial Goods,305.8,59.5,14000000.0,3450000.0,96.0,47,2013.0
519,520.0,Moonpig Group,No,No,UK,Ecommerce,305.66,59.49,411390748.0,102139979.0,399.0,242,2000.0
520,521.0,Wealth Club,No,No,UK,Financial Services,304.87,59.38,6774867.0,1685348.0,22.0,15,2016.0
521,522.0,FACTORY,No,No,France,Property,304.26,59.3,12609000.0,3119000.0,25.0,4,2016.0
522,523.0,Beck Ingredients,No,No,Spain,Health,303.81,59.24,7532293.0,1865319.0,6.0,2,2016.0
523,524.0,Mentors & Partners Group,No,No,Hungary,Management Consulting,303.44,59.19,1822227.0,524552.0,3.0,3,2010.0
524,525.0,SB Supply,Yes,No,The Netherlands,Ecommerce,303.38,59.19,4363977.0,1081844.0,9.0,4,2011.0
525,526.0,Mediaboard,No,No,Czech Republic,Media,302.65,59.09,2243594.0,572798.0,24.0,8,2015.0
526,527.0,DW TRANS,Yes,Yes,France,Transport,302.41,59.06,9485173.0,2357096.0,80.0,20,2012.0
527,528.0,NACELEXPERT,No,No,France,Industrial Goods,301.53,58.94,2727392.0,679247.0,4.0,2,2006.0
528,529.0,keylight,No,No,Germany,Technology,301.43,58.93,3499555.0,871779.0,31.0,14,2015.0
529,530.0,Technacy,No,No,Italy,Technology,301.4,58.92,3059440.0,762200.0,13.0,3,2011.0
530,531.0,Genoskin,No,No,France,Chemicals & Pharmaceuticals,300.97,58.87,2810120.0,700823.0,25.0,12,2011.0
531,532.0,Payment Assist,Yes,Yes,UK,Fintech,297.51,58.41,5993895.0,1518678.0,21.0,12,2013.0
532,533.0,my Boo,No,No,Germany,Retail,297.47,58.4,4706000.0,1184000.0,65.0,14,2013.0
533,534.0,84codes.com,Yes,Yes,Sweden,Technology,297.46,58.4,12120207.0,3118698.0,25.0,11,2012.0
534,535.0,KLG LIQUIDA,No,No,Germany,Chemicals & Pharmaceuticals,297.29,58.38,5034595.0,1267224.0,20.0,6,2013.0
535,536.0,Ignimission,No,No,France,Technology,297.08,58.35,2280542.0,574323.0,35.0,8,2011.0
536,537.0,Adamant BioNRG,No,No,Italy,Energy,297.06,58.35,117997000.0,29718000.0,7.0,4,2013.0
537,538.0,Xplort,No,No,UK,Interiors,296.93,58.33,2252358.0,571513.0,5.0,2,2015.0
538,539.0,Bambridge Accountants,Yes,No,UK,Financial Services,296.71,58.3,3368822.0,855283.0,12.0,7,2010.0
539,540.0,G2Park,No,No,Slovakia,Property,295.97,58.2,2902148.0,732924.0,13.0,7,2016.0
540,541.0,Pelizzari Studio,No,No,Italy,Architecture,295.97,58.2,2625660.0,663100.0,5.0,2,2014.0
541,542.0,Postex,Yes,No,The Netherlands,Technology,293.41,57.86,5248908.0,1334213.0,9.0,4,2014.0
542,543.0,Consorzio Stabile Ambientemilia,Yes,Yes,Italy,Waste management & recycling,291.25,57.57,9752760.0,2492730.0,5.0,5,2013.0
543,544.0,Yocabe’,Yes,No,Italy,Ecommerce,290.92,57.53,3293860.0,842600.0,12.0,6,2016.0
544,545.0,Chez Nestor,Yes,Yes,France,Property,290.88,57.52,8559263.0,2189720.0,33.0,19,2012.0
545,546.0,Mint Italia,No,No,Italy,Transport,288.59,57.22,2415110.0,621500.0,9.0,2,2016.0
546,547.0,Sendcloud,Yes,Yes,The Netherlands,Ecommerce,288.44,57.2,81775452.0,21052232.0,233.0,27,2012.0
547,548.0,Datakey Software Engineering,No,No,Italy,Technology,288.19,57.16,1898000.0,488940.0,10.0,6,2008.0
548,549.0,Metaminds,Yes,Yes,Romania,Cyber Security,287.56,57.08,32103084.0,8605113.0,41.0,21,2015.0
549,550.0,Time Vision,No,No,Italy,Education,287.38,57.05,2793340.0,721090.0,29.0,11,2012.0
550,551.0,Werksräder24,Yes,Yes,Germany,Automobiles,287.21,57.03,14896000.0,3847000.0,36.0,16,2013.0
551,552.0,FOD Mobility Group,Yes,No,UK,Technology,286.81,56.98,13309945.0,3465675.0,70.0,35,2008.0
552,553.0,Selferg,No,No,Italy,Energy,285.39,56.78,2050130.0,531960.0,60.0,10,2007.0
553,554.0,Poppri Fashion Auctions,Yes,No,Lithuania,Ecommerce,284.74,56.7,13028856.0,3386414.0,94.0,45,2012.0
554,555.0,Vizion Network,Yes,No,UK,Automobiles,284.49,56.66,117817156.0,30862156.0,194.0,156,2008.0
555,556.0,Beyond Law Group*,No,No,UK,Law,284.1,56.61,8233616.0,2159010.0,66.0,27,2017.0
556,557.0,EDA Warehousing,No,No,Germany,Transport,284.03,56.6,4570000.0,1190000.0,14.0,13,2014.0
557,558.0,BPV,No,No,Germany,Telecoms,283.29,56.5,22704275.0,5923571.0,90.0,45,2013.0
558,559.0,Ultra Premium Direct,Yes,No,France,Agricultural Commodities,283.21,56.49,20779890.0,5422583.0,81.0,29,2013.0
559,560.0,AFR-IX telecom,Yes,Yes,Spain,Telecoms,283.01,56.46,9933867.0,2593649.0,24.0,12,2013.0
560,561.0,Blue energy,No,No,Poland,Cyber Security,282.71,56.42,4527970.0,1293181.0,44.0,28,2010.0
561,562.0,C’JUSTE PARIS,No,No,France,Retail,282.63,56.41,2404398.0,628388.0,15.0,5,2013.0
562,563.0,SOS-accessoire,No,No,France,Ecommerce,281.74,56.29,14690408.0,3848262.0,44.0,13,2007.0
563,564.0,Hannes König,No,No,Germany,Construction,281.19,56.21,8750671.0,2295632.0,27.0,18,2017.0
564,565.0,ZANATTA media group,No,No,Germany,Advertising,280.58,56.13,8383859.0,2202906.0,9.0,6,2007.0
565,566.0,Wastepack,No,No,UK,Waste management & recycling,280.36,56.1,22373295.0,5924389.0,20.0,18,1997.0
566,567.0,Radar Consulting Italia,No,No,Italy,Support Services,279.04,55.92,1580450.0,416960.0,17.0,7,2010.0
567,568.0,Agriconomie,Yes,Yes,France,Agricultural Commodities,278.58,55.86,37248117.0,9838779.0,53.0,32,2014.0
568,569.0,AnyTech365,Yes,Yes,Spain,Technology,275.94,55.49,18743704.0,4985758.0,364.0,187,2014.0
569,570.0,Cladspray Solutions,No,No,UK,Construction,275.83,55.48,1863819.0,499484.0,12.0,4,2013.0
570,571.0,iM Global Partner,No,No,France,Financial Services,274.9,55.35,31463692.0,8392541.0,50.0,10,2015.0
571,572.0,Confinvest,No,No,Italy,Precious metals,274.52,55.3,41130000.0,10982110.0,6.0,2,1983.0
572,573.0,Ethic Technology,Yes,Yes,France,Technology,274.15,55.24,8340824.0,2229273.0,3.0,2,2012.0
573,574.0,Bomax,Yes,No,Italy,Telecoms,273.47,55.15,71290680.0,19088830.0,7.0,6,2001.0
574,575.0,KK-Trade,No,No,Germany,Retail,273.12,55.1,4383254.0,1174770.0,15.0,4,2017.0
575,576.0,Marsapet,No,No,Germany,Retail,273.03,55.09,3960200.0,1061642.0,26.0,4,2015.0
576,577.0,Gruppo Tera,Yes,No,Italy,Ecommerce,272.54,55.02,20222750.0,5428300.0,16.0,8,2015.0
577,578.0,CodicePlastico,No,No,Italy,Technology,272.18,54.97,3068430.0,824450.0,14.0,7,2009.0
578,579.0,Tremend,No,Yes,Romania,Technology,272.13,54.96,20679155.0,5772716.0,426.0,185,2005.0
579,580.0,Doofinder,No,No,Spain,Technology,271.97,54.94,6590434.0,1771758.0,61.0,17,2010.0
580,581.0,Hostinger,Yes,Yes,Lithuania,Technology,271.81,54.92,25860664.0,6955394.0,780.0,80,2004.0
581,582.0,Catalyx,Yes,Yes,Switzerland,Sales & Marketing,271.64,54.9,6540543.0,1627160.0,39.0,9,2013.0
582,583.0,Harness Code,No,No,Bulgaria,Sales & Marketing,270.79,54.78,2223308.0,599612.0,9.0,6,2016.0
583,584.0,Nanoprom Chemicals,No,No,Italy,Chemicals & Pharmaceuticals,270.68,54.76,2779910.0,749940.0,17.0,5,2014.0
584,585.0,Elite,No,Yes,Spain,Construction,270.39,54.72,10060550.0,2716240.0,49.0,27,2012.0
585,586.0,AppUnite,Yes,Yes,Poland,Technology,268.98,54.53,4424063.0,1310532.0,119.0,26,2012.0
586,587.0,Eskalia et Nakupenda,No,No,France,Retail,268.92,54.52,1515414.0,410775.0,7.0,2,2006.0
587,588.0,LGX Logistics,No,No,Germany,Transport,268.2,54.42,8070059.0,2191733.0,12.0,3,2006.0
588,589.0,Polipop,No,No,Portugal,Industrial Goods,268.16,54.41,3351671.0,910392.0,22.0,11,2015.0
589,590.0,StampaSi,No,No,Italy,Ecommerce,268.08,54.4,2543820.0,691110.0,10.0,1,2016.0
590,591.0,CAM,No,No,Italy,Industrial Goods,268.05,54.4,12280490.0,3336600.0,67.0,45,1984.0
591,592.0,Plug In Digital,Yes,Yes,France,Media,267.75,54.35,13767602.0,3743740.0,37.0,12,2012.0
592,593.0,Predica,No,No,Poland,Technology,267.32,54.29,17589082.0,5233937.0,241.0,82,2009.0
593,594.0,Ocean Transport,No,No,Spain,Transport,266.84,54.23,4783846.0,1304073.0,19.0,2,2009.0
594,595.0,Serinus,No,No,UK,Energy,265.81,54.08,19651446.0,5474802.0,75.0,103,1997.0
595,596.0,DEMV Deutscher Maklerverbund,Yes,No,Germany,Financial Services,264.32,53.87,5012841.0,1375943.0,50.0,20,2009.0
596,597.0,STI Norland,Yes,No,Spain,Energy,263.37,53.74,199822150.0,54990779.0,221.0,53,1996.0
597,598.0,HD Elektrotechnik,Yes,No,Germany,Technology,263.34,53.73,4207672.0,1158042.0,76.0,27,2011.0
598,599.0,Engenie Group,No,No,Italy,Technology,262.6,53.63,2025040.0,558480.0,9.0,1,2017.0
599,600.0,Groupe N.A.T,Yes,No,France,Support Services,261.42,53.46,4180122.0,1156596.0,64.0,25,2016.0
600,601.0,La Sarraz Pictures,No,No,Italy,Media,260.9,53.39,1513710.0,419430.0,5.0,2,2015.0
601,602.0,Smart-Planet,No,No,Germany,Retail,260.22,53.29,4598207.0,1276483.0,9.0,5,2016.0
602,603.0,Sidea Group,Yes,No,Italy,Management Consulting,260.17,53.29,2429590.0,674560.0,49.0,8,2015.0
603,604.0,COUTEAUJAPONAIS.COM,No,No,France,Retail,259.83,53.24,4579102.0,1272558.0,17.0,5,2004.0
604,605.0,PHYSIDIA,Yes,No,France,Health,259.66,53.21,16746545.0,4656191.0,58.0,20,2010.0
605,606.0,Horando Deutschland,No,Yes,Germany,Retail,259.32,53.17,8111269.0,2257390.0,3.0,2,2013.0
606,607.0,"Diablochairs, Jan Nowak",Yes,Yes,Poland,Ecommerce,259.15,53.14,21520495.0,6549376.0,79.0,22,2004.0
607,608.0,Parkster,Yes,Yes,Sweden,Technology,258.92,53.11,55139984.0,15711602.0,28.0,16,2011.0
608,609.0,BIOTYFULL,Yes,No,France,Ecommerce,258.88,53.1,20248436.0,5642145.0,13.0,5,2015.0
609,610.0,Bioksan,Yes,No,Spain,Food & Beverage,258.3,53.02,5914732.0,1650756.0,51.0,14,2014.0
610,611.0,Trippel,No,No,Norway,Support Services,258.05,52.98,3057807.0,910070.0,118.0,37,1999.0
611,612.0,Yourparkingspace Limited,Yes,Yes,UK,Technology,257.6,52.92,13863431.0,3904618.0,32.0,15,2013.0
612,613.0,Carslift,No,No,France,Automobiles,257.42,52.89,2226659.0,622989.0,35.0,1,2012.0
613,614.0,Zimmerei Nordmann,No,No,Germany,Construction,257.35,52.89,2074577.0,580537.0,11.0,5,2009.0
614,615.0,SI Silicone Innovation,Yes,No,Germany,Industrial Goods,257.32,52.88,3640511.0,1018843.0,40.0,20,2015.0
615,616.0,A.U.E. Genc Warenhandels-UG,Yes,Yes,Germany,Retail,256.9,52.82,19890000.0,5573000.0,12.0,8,2010.0
616,617.0,MGvision,No,No,Italy,Advertising,255.81,52.66,4010560.0,1127170.0,18.0,10,2010.0
617,618.0,New General Service,Yes,No,Italy,Support Services,255.07,52.56,1539360.0,433540.0,26.0,13,2015.0
618,619.0,ANDRE RENOVATION,No,No,France,Construction,254.93,52.54,11594389.0,3266703.0,41.0,15,2010.0
619,620.0,M.D.G. Components Unipersonale,No,No,Italy,Industrial Goods,254.41,52.46,2283970.0,644440.0,14.0,10,2017.0
620,621.0,Amco-Bulgaria,Yes,No,Bulgaria,Retail,254.2,52.43,6298606.0,1778274.0,22.0,5,2011.0
621,622.0,Symprove,Yes,No,UK,Personal & Household Goods,254.09,52.42,12298843.0,3498275.0,39.0,16,2005.0
622,623.0,Tecknuovo,No,No,UK,Technology,253.87,52.39,26273556.0,7477852.0,22.0,10,2015.0
623,624.0,Platform.sh,No,No,France,Technology,253.68,52.36,22077678.0,6242232.0,217.0,62,2010.0
624,625.0,ISG Express Logistik,Yes,No,Germany,Transport,253.68,52.36,5822692.0,1646307.0,46.0,5,2011.0
625,626.0,Manelli Impresa,Yes,No,Italy,Construction,253.65,52.36,43355980.0,12259540.0,173.0,55,2008.0
626,627.0,SA Formação,Yes,Yes,Portugal,Education,253.55,52.34,3647652.0,1031733.0,53.0,22,2009.0
627,628.0,SM SektManufaktur,No,No,Germany,Industrial Goods,253.35,52.31,2408586.0,681652.0,14.0,3,2015.0
628,629.0,Beauty Consult Deutschland,No,No,Germany,Health,253.11,52.28,3725665.0,1055100.0,31.0,8,2011.0
629,630.0,Finauto,No,No,Italy,Automobiles,251.91,52.1,11789870.0,3350270.0,8.0,5,1977.0
630,631.0,AuCOFFRE.com,No,No,France,Financial Services,251.66,52.07,114037838.0,32428296.0,21.0,18,2009.0
631,632.0,Divido,Yes,No,UK,Fintech,251.57,52.06,3786036.0,1084616.0,46.0,37,2014.0
632,633.0,R&K Ingenieure,No,No,Germany,Construction,251.56,52.05,5210500.0,1482100.0,17.0,6,2016.0
633,634.0,Nephos Technologies,Yes,No,UK,Technology,251.48,52.04,17559447.0,5031697.0,25.0,11,2011.0
634,635.0,La Vida,Yes,Yes,UK,Support Services,250.06,51.84,7572128.0,2178629.0,15.0,8,2002.0
635,636.0,Midstream Lighting,No,Yes,UK,Technology,249.64,51.78,8204844.0,2363526.0,12.0,4,2012.0
636,637.0,PROPULSE IT,Yes,Yes,France,Technology,249.58,51.77,6326861.0,1809858.0,2.0,2,2014.0
637,638.0,Additius Santa Maria,No,No,Spain,Agricultural Commodities,248.98,51.68,31757362.0,9100083.0,30.0,25,2012.0
638,639.0,CONEXIO TELECOM,No,No,France,Telecoms,248.88,51.67,1908640.0,547084.0,15.0,3,2017.0
639,640.0,Tripin,No,No,Germany,Retail,248.43,51.6,5465080.0,1568506.0,9.0,5,2012.0
640,641.0,Continental Wood Kft.,No,Yes,Hungary,Industrial Goods,247.28,51.43,2724073.0,910973.0,9.0,4,1996.0
641,642.0,GeoTeam,No,No,Italy,Energy,247.2,51.42,7623730.0,2195780.0,120.0,71,2008.0
642,643.0,Leascorp,No,No,France,Financial Services,247.05,51.4,18481247.0,5325214.0,7.0,4,2014.0
643,644.0,Positive Healthcare,No,No,UK,Management Consulting,246.88,51.38,6731831.0,1954609.0,19.0,3,2014.0
644,645.0,Ralph Schmolke,No,No,Germany,Retail,246.63,51.34,2281929.0,658317.0,8.0,4,2010.0
645,646.0,Roomie Milano,No,No,Italy,Property,245.48,51.17,3728920.0,1079340.0,10.0,2,2016.0
646,647.0,Trencadis Corp,Yes,No,Romania,Technology,245.45,51.17,20410511.0,6137755.0,89.0,40,2007.0
647,648.0,WORTEKS,No,No,France,Technology,245.44,51.17,1870845.0,541582.0,11.0,4,2016.0
648,649.0,REMOVE,Yes,No,France,Construction,244.64,51.05,8988475.0,2608093.0,74.0,27,2015.0
649,650.0,Citadelo,No,No,Czech Republic,Cyber Security,243.94,50.95,1556521.0,452557.0,27.0,15,2006.0
650,651.0,Grill Autoservice,No,No,Germany,Automobiles,243.36,50.86,18141216.0,5283415.0,26.0,13,2017.0
651,652.0,Inbrooll,No,No,Spain,Industrial Goods,243.07,50.82,2663110.0,776268.0,15.0,8,2013.0
652,653.0,Cross,Yes,No,Germany,Retail,242.59,50.75,88590000.0,25858983.0,4.0,3,2010.0
653,654.0,B1gas S.p.A,Yes,No,Italy,Energy,242.58,50.75,41474660.0,12106480.0,6.0,2,2010.0
654,655.0,Filva,No,No,Italy,Construction,242.17,50.69,6188900.0,1808710.0,10.0,8,2009.0
655,656.0,Archingest,Yes,No,Italy,Construction,241.26,50.56,3515000.0,1030000.0,6.0,2,2005.0
656,657.0,Alpha FX Group,No,Yes,UK,Financial Services,241.26,50.55,51640733.0,15241075.0,124.0,51,2009.0
657,658.0,lemonads,Yes,No,Switzerland,Advertising,241.12,50.53,4952255.0,1451770.0,50.0,7,2012.0
658,659.0,Signicat,Yes,No,Norway,Technology,240.39,50.43,42514150.0,13309441.0,213.0,71,2007.0
659,660.0,Alfred Döpker,No,No,Germany,Construction,240.33,50.42,77358225.0,22730529.0,55.0,41,1965.0
660,661.0,Bavaria-Ei,No,No,Germany,Retail,240.06,50.38,13067279.0,3842670.0,88.0,42,2001.0
661,662.0,Oxylabs.io,No,No,Lithuania,Technology,239.23,50.26,25040954.0,7381686.0,245.0,57,2015.0
662,663.0,A.S.H. Automobile,Yes,No,Germany,Automobiles,239.19,50.25,2333452.0,687958.0,5.0,2,2014.0
663,664.0,Vascular,No,No,Hungary,Health,238.38,50.13,29099679.0,9987236.0,57.0,18,2007.0
664,665.0,ANDJARO,No,No,France,Support Services,237.95,50.07,3189298.0,943718.0,57.0,30,2015.0
665,666.0,Röhrtaler Wertstoff,No,No,Germany,Waste management & recycling,237.58,50.01,3286187.0,973460.0,34.0,22,2013.0
666,667.0,Autel Karnetic,No,No,UK,Technology,237.43,49.99,8520830.0,2543343.0,7.0,6,2016.0
667,668.0,Discoup.com,No,No,Italy,Advertising,236.58,49.86,2075110.0,616520.0,10.0,8,2013.0
668,669.0,Hellas Direct,Yes,No,Cyprus,Insurance,236.55,49.86,34488971.0,10247832.0,85.0,52,2011.0
669,670.0,HERRLES,Yes,No,Germany,Automobiles,236.46,49.85,10242075.0,3044054.0,45.0,30,2009.0
670,671.0,Investmentpunk Academy,No,No,Austria,Education,235.69,49.73,3179000.0,947000.0,12.0,6,2016.0
671,672.0,Born Stahlbau,No,Yes,Germany,Industrial Goods,235.05,49.64,4527093.0,1351164.0,13.0,6,2015.0
672,673.0,RETTEL Projektbau,Yes,No,Germany,Construction,234.97,49.62,8073458.0,2410212.0,7.0,5,2016.0
673,674.0,Suntronic,No,No,Italy,Energy,234.87,49.61,2347320.0,700960.0,4.0,2,2005.0
674,675.0,TMT,Yes,Yes,Italy,Industrial Goods,234.84,49.6,12763524.0,3811838.0,42.0,6,2014.0
675,676.0,Gedankenburg,No,No,Germany,Advertising,234.74,49.59,2950010.0,881275.0,5.0,2,2015.0
676,677.0,SVOP Special Vehicle Operation,No,No,Sweden,Automobiles,234.07,49.49,4526309.0,1385662.0,16.0,6,2013.0
677,678.0,Glenholme Healthcare Group,No,No,UK,Health,234.0,49.48,14845073.0,4476517.0,415.0,132,2011.0
678,679.0,AUDENSIEL,Yes,Yes,France,Technology,233.96,49.47,57451279.0,17203160.0,720.0,230,2013.0
679,680.0,Ivnosys,No,No,Spain,Technology,233.95,49.47,8743069.0,2618069.0,106.0,34,2011.0
680,681.0,Mulconsa,No,No,Spain,Construction,233.87,49.46,6687402.0,2002982.0,45.0,30,2012.0
681,682.0,50NRTH,No,No,Germany,Retail,233.75,49.44,35107348.0,10518963.0,54.0,14,2004.0
682,683.0,Delecto,No,No,Croatia,Retail,233.68,49.43,2649288.0,793957.0,10.0,6,2008.0
683,684.0,Mardruk Opakowania,No,No,Poland,Industrial Goods,233.32,49.38,3226645.0,1058063.0,47.0,7,2015.0
684,685.0,MANANG,No,No,France,Construction,233.23,49.36,6205559.0,1862272.0,40.0,15,2012.0
685,686.0,bestbion dx,No,No,Germany,Health,233.18,49.36,14863628.0,4461170.0,27.0,21,2011.0
686,687.0,Avamore Capital,No,No,UK,Financial Services,232.57,49.27,2552248.0,772943.0,21.0,7,2015.0
687,688.0,Solaris and more,No,No,Germany,Energy,231.75,49.14,4692660.0,1414501.0,30.0,13,2011.0
688,689.0,Clearcycle,No,No,UK,Retail,231.73,49.14,2176368.0,660767.0,11.0,8,2015.0
689,690.0,Opteamis,Yes,Yes,France,Support Services,231.45,49.1,13856500.0,4180523.0,35.0,12,2005.0
690,691.0,Codenor,No,No,Spain,Construction,231.36,49.08,6385196.0,1926967.0,20.0,10,2010.0
691,692.0,HAPPYBULLE,Yes,No,France,Ecommerce,231.14,49.05,4209975.0,1271353.0,18.0,8,2015.0
692,693.0,Aurora Energy Research,No,No,UK,Energy,231.05,49.04,15079425.0,4587687.0,158.0,46,2013.0
693,694.0,Bacci,No,No,Spain,Fashion,231.0,49.03,24048302.0,7265350.0,14.0,19,2003.0
694,695.0,Emilia Foods,Yes,Yes,Italy,Food & Beverage,230.75,48.99,26824140.0,8110160.0,25.0,8,2013.0
695,696.0,T.E.A.M. - Ti educa a migliorare,No,No,Italy,Health,230.22,48.91,3370490.0,1020690.0,211.0,82,2001.0
696,697.0,Brainhub,Yes,No,Poland,Technology,230.16,48.9,3513741.0,1163241.0,75.0,30,2016.0
697,698.0,Assitech,Yes,No,Italy,Construction,230.03,48.89,2675750.0,810750.0,9.0,10,2016.0
698,699.0,Schott Packaging,No,No,UK,Ecommerce,229.61,48.82,2272847.0,694501.0,11.0,4,2016.0
699,700.0,Alba,Yes,No,Italy,Energy,229.36,48.78,3299330.0,1001740.0,30.0,12,2010.0
700,701.0,FinTrU,Yes,No,UK,Financial Services,229.03,48.73,32392546.0,9915609.0,740.0,219,2013.0
701,702.0,Global Edilizia,No,No,Italy,Construction,228.55,48.66,4028000.0,1226000.0,5.0,4,2011.0
702,703.0,TPXimpact,No,No,UK,Management Consulting,228.3,48.62,57093437.0,17515305.0,381.0,2,2016.0
703,704.0,LGS SportLab,No,No,Italy,Advertising,228.26,48.62,4014220.0,1222870.0,9.0,6,2010.0
704,705.0,Weiser Brandschutz & Technik,Yes,No,Germany,Construction,227.87,48.56,5986199.0,1825769.0,45.0,4,2005.0
705,706.0,Fairfax and Favor,No,No,UK,Fashion,226.81,48.4,18178322.0,5602279.0,47.0,13,2013.0
706,707.0,FAO Consulting,No,No,France,Technology,226.39,48.34,7781600.0,2384156.0,85.0,39,2014.0
707,708.0,Gruppo Del Barba Consulting,Yes,Yes,Italy,Financial Services,226.35,48.33,5855040.0,1794120.0,37.0,8,2010.0
708,709.0,Exclaimer,Yes,Yes,UK,Technology,226.05,48.28,26143857.0,8075796.0,109.0,62,2003.0
709,710.0,Join Business Management Consulting,Yes,No,Italy,Management Consulting,225.69,48.23,10189790.0,3128700.0,77.0,25,2013.0
710,711.0,Vennes,No,No,Germany,Construction,225.1,48.14,17048000.0,5244000.0,57.0,27,2003.0
711,712.0,Piggy,No,No,The Netherlands,Technology,225.06,48.13,2946126.0,906341.0,31.0,7,2013.0
712,713.0,Epassi,No,No,Finland,Fintech,224.82,48.1,205312456.0,63207258.0,130.0,40,2007.0
713,714.0,Atheneum Partners,Yes,Yes,Germany,Technology,224.27,48.01,33400000.0,10300000.0,315.0,150,2010.0
714,715.0,Pharmacy2U,Yes,No,UK,Technology,223.91,47.96,156232906.0,48580102.0,454.0,211,1999.0
715,716.0,PHOENIX DEVELOPPEMENT,No,No,France,Support Services,223.16,47.85,1797294.0,556159.0,18.0,6,2011.0
716,717.0,Wiwie Transport,No,No,Germany,Transport,223.08,47.83,4200000.0,1300000.0,25.0,10,2016.0
717,718.0,Mevas Auto Center,No,No,Romania,Automobiles,222.96,47.81,2595034.0,834708.0,31.0,23,2003.0
718,719.0,BK Beachhouse Mode,Yes,No,Germany,Retail,222.78,47.79,5172479.0,1602458.0,35.0,21,2015.0
719,720.0,F.lli Urso,No,No,Italy,Construction,222.59,47.76,2009090.0,622800.0,9.0,3,2015.0
720,721.0,GoHenry,Yes,Yes,UK,Financial Services,222.24,47.7,22020382.0,6882489.0,166.0,61,2011.0
721,722.0,Adrilog,Yes,No,Italy,Transport,221.85,47.64,57057180.0,17727950.0,816.0,634,2014.0
722,723.0,Attachment,Yes,Yes,UK,Advertising,221.77,47.63,7191249.0,2250946.0,6.0,2,2015.0
723,724.0,PARIS HERBES,Yes,No,France,Agricultural Commodities,221.73,47.63,12934943.0,4020469.0,25.0,15,2015.0
724,725.0,Interlog Logistic,No,No,France,Transport,221.69,47.62,5480946.0,1703819.0,28.0,37,2015.0
725,726.0,Conglomerati Bituminosi,Yes,No,Italy,Construction,221.08,47.53,33371870.0,10393680.0,75.0,34,1975.0
726,727.0,Nikkel Art,No,No,Belgium,Ecommerce,220.83,47.49,3762160.0,1172617.0,26.0,5,2010.0
727,728.0,Esyen,No,No,Italy,Technology,220.6,47.45,3868940.0,1206770.0,25.0,9,2011.0
728,729.0,Sav-eco Packaging Ltd,No,No,UK,Industrial Goods,220.27,47.4,16923940.0,5322238.0,165.0,104,2014.0
729,730.0,Elmar Mair Tiefbau,No,No,Germany,Construction,219.98,47.36,2302685.0,719638.0,19.0,8,2016.0
730,731.0,ATLAS Innovative Engineering,No,No,Spain,Energy,219.37,47.26,3495981.0,1094666.0,15.0,12,2014.0
731,732.0,SECURE-IC,No,No,France,Technology,219.33,47.26,6934182.0,2171492.0,76.0,48,2010.0
732,733.0,DATALYO,No,No,France,Technology,218.82,47.18,3544255.0,1111687.0,36.0,16,2014.0
733,734.0,Signify Technology,No,No,UK,Management Consulting,218.78,47.17,2547992.0,805029.0,29.0,14,2016.0
734,735.0,BOXT,No,No,UK,Ecommerce,218.69,47.16,38373430.0,12127395.0,59.0,20,2017.0
735,736.0,James and James Fulfilment,No,No,UK,Ecommerce,218.67,47.16,30887883.0,9762332.0,158.0,55,2010.0
736,737.0,Armonie,No,No,Italy,Food & Beverage,218.66,47.16,2803150.0,879670.0,9.0,5,2014.0
737,738.0,Maverick Group,No,No,Italy,Technology,217.27,46.94,5313290.0,1674690.0,5.0,1,2017.0
738,739.0,Brainpull,No,No,Italy,Advertising,217.21,46.93,4264120.0,1344240.0,29.0,10,2012.0
739,740.0,Wiseband,No,No,France,Media,217.08,46.91,1636674.0,516164.0,15.0,4,2014.0
740,741.0,Groupe Ezdo La Boulangerie Des Gourmets,Yes,No,France,Agricultural Commodities,216.91,46.89,40777823.0,12867410.0,15.0,4,2013.0
741,742.0,Pakar Service,Yes,No,Poland,Support Services,216.15,46.77,9729642.0,3363800.0,396.0,257,2010.0
742,743.0,BIO-UV,No,No,France,Industrial Goods,216.03,46.75,32175000.0,10181000.0,117.0,62,2000.0
743,744.0,F.G. Service,No,No,Italy,Construction,215.54,46.67,2554140.0,809450.0,14.0,2,2015.0
744,745.0,Allways Logistics System,Yes,No,Italy,Transport,215.48,46.66,9569120.0,3033150.0,125.0,2,2012.0
745,746.0,Matsmart,Yes,Yes,Sweden,Ecommerce,215.4,46.65,49576899.0,16075963.0,164.0,75,2013.0
746,747.0,autargo,No,No,Germany,Construction,215.35,46.64,1807173.0,573070.0,5.0,2,2016.0
747,748.0,Brewshop.no,Yes,No,Norway,Food & Beverage,215.26,46.63,4392988.0,1484883.0,9.0,7,2015.0
748,749.0,Visualitics,No,No,Italy,Technology,215.24,46.63,2131000.0,676000.0,15.0,3,2016.0
749,750.0,HiFi extra,No,No,Germany,Retail,215.1,46.61,49190436.0,15610826.0,32.0,14,2016.0
750,751.0,Ankerkraut,Yes,Yes,Germany,Food & Beverage,214.45,46.5,26010474.0,8271702.0,150.0,70,2013.0
751,752.0,GDA,No,No,Italy,Fashion,213.62,46.37,20745690.0,6615000.0,205.0,98,2008.0
752,753.0,Nexid,No,No,Italy,Technology,213.53,46.36,2696270.0,859960.0,25.0,9,2006.0
753,754.0,GS Studio & Service,No,No,Italy,Energy,213.26,46.32,2087000.0,666210.0,16.0,7,2013.0
754,755.0,Neosperience,No,No,Italy,Technology,213.0,46.28,16367000.0,5229000.0,160.0,60,2006.0
755,756.0,Lunos,No,No,Slovenia,Technology,212.89,46.26,6356404.0,2031522.0,16.0,11,2010.0
756,757.0,Meic Costruzioni,No,No,Italy,Construction,212.86,46.26,10456300.0,3342120.0,71.0,39,2013.0
757,758.0,Trident Lifting Solutions Ltd,No,No,UK,Construction,212.6,46.22,15846632.0,5105700.0,14.0,12,2016.0
758,759.0,Smart Battery Solutions,No,No,Germany,Technology,212.59,46.22,10203000.0,3264000.0,69.0,28,2010.0
759,760.0,eu-bay Commerce,No,No,Germany,Retail,212.23,46.16,8122686.0,2601485.0,20.0,10,2003.0
760,761.0,Jens Rabe Academy,No,No,Germany,Education,212.06,46.13,3655345.0,1171373.0,20.0,6,2009.0
761,762.0,Hyperoptic,Yes,No,UK,Telecoms,211.97,46.12,57766084.0,18649681.0,1251.0,407,2010.0
762,763.0,SEPALE,No,No,France,Energy,211.33,46.02,7879983.0,2531055.0,21.0,2,2009.0
763,764.0,3A Informatica,No,No,Italy,Telecoms,210.73,45.92,1970000.0,633990.0,33.0,19,2005.0
764,765.0,EMSPROTO,Yes,No,France,Ecommerce,210.64,45.91,3136947.0,1009846.0,22.0,10,2014.0
765,766.0,Laboratoires Dermosun,No,No,France,Chemicals & Pharmaceuticals,209.88,45.79,5626849.0,1815835.0,13.0,9,2011.0
766,767.0,Saico,No,No,Italy,Construction,209.36,45.71,6737600.0,2177950.0,23.0,13,2013.0
767,768.0,Nutis,Yes,No,Italy,Food & Beverage,209.01,45.66,6566530.0,2124990.0,19.0,9,1956.0
768,769.0,Ogrodosfera.pl,Yes,Yes,Poland,Ecommerce,208.73,45.61,13256472.0,4693330.0,23.0,12,2011.0
769,770.0,SVTI,Yes,No,France,Industrial Goods,208.55,45.58,3981300.0,1290312.0,30.0,17,2010.0
770,771.0,Enhancers,No,No,Italy,Technology,208.24,45.53,3352210.0,1087520.0,38.0,13,2011.0
771,772.0,AGRIPOWER FRANCE,No,No,France,Waste management & recycling,208.2,45.53,7701275.0,2498792.0,16.0,6,2012.0
772,773.0,Next Turbo Technologies,Yes,No,Italy,Industrial Goods,207.77,45.46,9481040.0,3080610.0,18.0,8,2014.0
773,774.0,Velvet Media Italia,Yes,Yes,Italy,Advertising,207.54,45.42,5411160.0,1759490.0,98.0,46,2013.0
774,775.0,Booster Box,Yes,No,Italy,Advertising,206.87,45.32,2049365.0,667837.0,35.0,9,2016.0
775,776.0,RMF Group,No,No,Slovakia,Food & Beverage,206.86,45.32,3289892.0,1072117.0,2.0,3,2014.0
776,777.0,Darwin Group Limited,No,No,UK,Construction,206.37,45.24,70393894.0,23141358.0,140.0,89,2005.0
777,778.0,ITFS,Yes,Yes,Poland,Technology,206.1,45.2,10446862.0,3730405.0,230.0,90,2012.0
778,779.0,SKILLSDAY,No,Yes,France,Education,205.7,45.13,3154795.0,1031988.0,25.0,9,2015.0
779,780.0,Gapps,Yes,No,Finland,Technology,205.51,45.1,8707000.0,2850000.0,34.0,23,2010.0
780,781.0,Maxfel,Yes,No,Italy,Interiors,205.44,45.09,2201160.0,720650.0,15.0,6,1984.0
781,782.0,Herrero Brigantina,Yes,Yes,Spain,Insurance,204.74,44.98,14725853.0,4832212.0,55.0,33,2012.0
782,783.0,Manitech,Yes,No,Italy,Industrial Goods,203.53,44.79,3834910.0,1263420.0,6.0,3,2016.0
783,784.0,Tradeco,No,No,Italy,Industrial Goods,202.87,44.68,5889890.0,1944720.0,16.0,6,2016.0
784,785.0,MON CHASSEUR IMMO,Yes,No,France,Property,202.35,44.6,4794423.0,1585727.0,28.0,13,2012.0
785,786.0,UpSlide,No,Yes,France,Support Services,202.23,44.58,8274214.0,2737704.0,75.0,20,2013.0
786,787.0,COGECLIM ENERGIES,Yes,No,France,Construction,201.99,44.54,2622506.0,868406.0,18.0,5,2015.0
787,788.0,Cellarius,No,No,Hungary,Sales & Marketing,201.67,44.49,2571079.0,989785.0,14.0,10,2004.0
788,789.0,careful-service,No,No,Germany,Health,201.37,44.44,3537769.0,1173908.0,141.0,75,2014.0
789,790.0,Softneta,No,No,Lithuania,Health,201.07,44.4,1778249.0,590642.0,30.0,24,2007.0
790,791.0,Progeny,No,No,UK,Financial Services,200.64,44.33,16601337.0,5561585.0,161.0,64,2016.0
791,792.0,Web Geo Services,No,No,France,Technology,200.58,44.32,24114000.0,8022358.0,57.0,29,2009.0
792,793.0,Spedition Ibov,No,No,Germany,Transport,200.43,44.29,3424863.0,1140000.0,,,2013.0
793,794.0,MyPostcard.com,Yes,Yes,Germany,Retail,200.06,44.23,6358307.0,2119022.0,25.0,21,2014.0
794,795.0,VARIOSAN,No,No,Germany,Retail,199.77,44.19,3233968.0,1078808.0,3.0,2,2013.0
795,796.0,Riedle + Bertsch,No,No,Germany,Technology,199.75,44.18,2331579.0,777849.0,36.0,8,2013.0
796,797.0,Mobili Fiver,No,No,Italy,Interiors,199.43,44.13,11897820.0,3973460.0,50.0,23,1999.0
797,798.0,KLC DESAMIANTAGE,No,No,France,Construction,199.36,44.12,6182419.0,2065220.0,46.0,11,2015.0
798,799.0,SECRET ARTS OF SPIRITS,Yes,Yes,France,Retail,199.23,44.1,3308224.0,1105569.0,6.0,3,2014.0
799,800.0,MPB Group Limited,Yes,No,UK,Ecommerce,198.91,44.05,72503245.0,24429686.0,184.0,68,2011.0
800,801.0,3zehn Auto Discount,Yes,No,Germany,Automobiles,198.41,43.97,25448057.0,8527777.0,12.0,5,2016.0
801,802.0,ADIKTEEV,No,No,France,Technology,198.3,43.95,45616000.0,15292051.0,67.0,50,2012.0
802,803.0,Fundis Reitsport,No,No,Germany,Retail,198.07,43.92,7066208.0,2370645.0,50.0,3,2009.0
803,804.0,Antriebstechnik Ebner-Seibold,No,No,Germany,Retail,198.06,43.91,2245423.0,753352.0,17.0,9,2009.0
804,805.0,Invibes Advertising,No,Yes,Belgium,Technology,197.11,43.76,11530000.0,3880663.0,102.0,30,2011.0
805,806.0,Jointly il welfare condiviso,No,No,Italy,Support Services,196.84,43.72,2400550.0,808700.0,34.0,18,2014.0
806,807.0,ABTOT Mark & Anläggning AB,Yes,No,Sweden,Construction,195.91,43.57,9983094.0,3450305.0,23.0,10,2012.0
807,808.0,DUSAPRO Immobilien,Yes,Yes,Germany,Property,195.21,43.45,33903865.0,11484801.0,36.0,10,2012.0
808,809.0,SOLDATS FILMS,No,No,France,Media,194.81,43.39,2320653.0,787160.0,8.0,4,2012.0
809,810.0,Eagleprojects,No,No,Italy,Telecoms,194.68,43.37,15140480.0,5137900.0,287.0,120,2016.0
810,811.0,Agile Lab,Yes,No,Italy,Technology,194.6,43.35,5590450.0,1897650.0,43.0,15,2013.0
811,812.0,importpris.no,No,No,Norway,Ecommerce,194.37,43.32,3113197.0,1126971.0,8.0,4,2012.0
812,813.0,truu,Yes,Yes,Germany,Industrial Goods,193.76,43.22,12472561.0,4245861.0,72.0,18,2011.0
813,814.0,L’Atelier,No,No,France,Technology,193.45,43.17,4288024.0,1461226.0,15.0,5,2016.0
814,815.0,frigoclim Kälte-Klima,Yes,No,Germany,Construction,193.4,43.16,3890690.0,1326082.0,22.0,7,2014.0
815,816.0,M Coffee Company,No,No,Germany,Retail,192.95,43.09,2117442.0,722795.0,5.0,3,2013.0
816,817.0,PROTEXTYL,No,No,France,Retail,192.85,43.07,5324116.0,1818032.0,22.0,12,2011.0
817,818.0,SP architecte,No,No,France,Construction,192.84,43.07,2825876.0,964998.0,18.0,14,2009.0
818,819.0,Embargos a lo bestia,No,No,Spain,Retail,192.62,43.03,22559217.0,7709375.0,178.0,54,2011.0
819,820.0,Snigel,Yes,No,Ireland,Technology,192.57,43.02,20479764.0,7000063.0,3.0,2,2011.0
820,821.0,IMS Rettungsdienst,No,No,Germany,Health,192.31,42.98,1900000.0,650000.0,120.0,5,2006.0
821,822.0,Way2Global SB,No,No,Italy,Support Services,190.97,42.76,2411600.0,828820.0,16.0,1,2017.0
822,823.0,Media Access Solutions,No,No,UK,Support Services,190.48,42.68,3407930.0,1181642.0,33.0,3,2014.0
823,824.0,Exadi,No,No,Spain,Sales and Marketing,190.28,42.65,42525086.0,14649568.0,44.0,21,2008.0
824,825.0,Fiber-Service-Gesellschaft,No,No,Germany,Telecoms,190.17,42.63,4049655.0,1395607.0,29.0,10,2014.0
825,826.0,TenderHut (Group),Yes,Yes,Poland,Technology,190.02,42.61,10264611.0,3868483.0,280.0,140,2010.0
826,827.0,Worldwide Fishing Company,Yes,No,Spain,Food & Beverage,189.88,42.58,140442673.0,48449141.0,30.0,12,2016.0
827,828.0,Doctor Hail spa,Yes,No,Italy,Automobiles,189.78,42.57,18101114.0,6246592.0,43.0,26,2013.0
828,829.0,KBS Group,Yes,Yes,Germany,Support Services,189.7,42.55,42006000.0,14500000.0,1500.0,650,2011.0
829,830.0,Terre Ehitus,No,No,Estonia,Construction,188.94,42.43,2089215.0,723064.0,12.0,5,2017.0
830,831.0,Bauer Energiekonzepte,Yes,Yes,Germany,Energy,188.54,42.36,36223730.0,12554325.0,19.0,7,2013.0
831,832.0,New Euroart,No,No,Italy,Construction,188.49,42.36,9307640.0,3226280.0,77.0,26,2001.0
832,833.0,Capelli For You,No,No,Italy,Beauty,188.42,42.34,1658750.0,575120.0,16.0,8,2015.0
833,834.0,Ogury,Yes,Yes,UK,Advertising,188.32,42.33,108758853.0,37992902.0,371.0,133,2014.0
834,835.0,TFT Ernst,No,No,Germany,Construction,188.19,42.31,2012427.0,698300.0,17.0,7,2017.0
835,836.0,Somerford Associates,No,No,UK,Technology,187.81,42.24,18757685.0,6564162.0,55.0,31,2001.0
836,837.0,ARCADIA Investment,Yes,Yes,Germany,Property,187.45,42.19,8102218.0,2818652.0,38.0,12,2012.0
837,838.0,FiloBlu,Yes,Yes,Italy,Management Consulting,187.14,42.13,55564420.0,19351090.0,186.0,112,2009.0
838,839.0,Tribus Digital,No,No,UK,Technology,186.89,42.09,1952800.0,685567.0,21.0,8,2016.0
839,840.0,DoIT,Yes,No,Italy,Technology,186.79,42.08,3040000.0,1060000.0,35.0,20,2014.0
840,841.0,Global Perspectives,Yes,No,UK,Health,186.71,42.06,6631496.0,2329522.0,23.0,8,2009.0
841,842.0,Pirene,No,No,Italy,Support Services,186.54,42.04,1512680.0,527910.0,25.0,8,1999.0
842,843.0,iPulse,Yes,No,UK,Personal & Household Goods,186.27,41.99,105149602.0,36995102.0,183.0,39,2012.0
843,844.0,blue networks,No,No,Germany,Technology,185.36,41.84,6626713.0,2322241.0,47.0,23,2002.0
844,845.0,N. Schwegler,No,Yes,Germany,Construction,185.24,41.82,10514000.0,3686000.0,35.0,20,2009.0
845,846.0,Marcus Lutz Bau,No,No,Germany,Construction,184.26,41.66,1874438.0,659402.0,15.0,7,2002.0
846,847.0,HKR-Technik,No,No,Germany,Retail,184.14,41.64,6996880.0,2462478.0,4.0,3,2008.0
847,848.0,Licht + Strom,Yes,No,Germany,Technology,183.54,41.54,4039340.0,1424633.0,30.0,18,2007.0
848,849.0,Die Autowelt,Yes,No,Germany,Automobiles,183.23,41.49,16754654.0,5915499.0,40.0,15,2009.0
849,850.0,ARTHEAU AVIATION,No,No,France,Aerospace & Defence,183.17,41.48,11263318.0,3977562.0,9.0,4,2012.0
850,851.0,Cepo,No,No,Italy,Industrial Goods,182.86,41.42,4503670.0,1592170.0,22.0,13,2000.0
851,852.0,Sneakers & Jackets,Yes,Yes,France,Financial Services,182.41,41.35,2888273.0,1022714.0,2.0,1,2013.0
852,853.0,89up,No,No,UK,Advertising,182.41,41.35,1814237.0,647020.0,26.0,11,2009.0
853,854.0,LUXURY & PERFORMANCE SELECTION,No,No,France,Automobiles,182.39,41.35,6444045.0,2281929.0,4.0,na,2016.0
854,855.0,Grayce Group,No,No,UK,Management Consulting,182.36,41.34,17890928.0,6381674.0,395.0,117,2012.0
855,856.0,Nemesi Italia,No,No,Italy,Technology,182.02,41.28,1640000.0,581520.0,4.0,1,1993.0
856,857.0,Halo Service Solutions,No,No,UK,Technology,181.97,41.28,5037087.0,1799189.0,40.0,12,1994.0
857,858.0,Raspberry Pi,No,No,UK,Technology,181.29,41.16,80066074.0,28668484.0,73.0,36,2012.0
858,859.0,Giopato & Coombes,Yes,No,Italy,Interiors,181.27,41.16,5467910.0,1944000.0,17.0,8,2010.0
859,860.0,Ship it,No,No,Germany,Retail,180.95,41.1,3391041.0,1207009.0,8.0,4,2016.0
860,861.0,Rheinische Scheidestätte,No,No,Germany,Retail,180.89,41.1,83044963.0,29564866.0,47.0,19,2012.0
861,862.0,Whites Agency,No,No,Poland,Advertising,180.88,41.09,4076348.0,1586246.0,90.0,34,2011.0
862,863.0,Casa di Riposo Medicalizzata Sempione*,No,No,Italy,Health,180.66,41.06,2436000.0,867960.0,38.0,1,2017.0
863,864.0,CShark,Yes,Yes,Poland,Technology,180.55,41.04,11828515.0,4608343.0,269.0,135,2014.0
864,865.0,Zinox Laser,Yes,No,Italy,Interiors,180.41,41.02,6364000.0,2269510.0,47.0,30,2015.0
865,866.0,Tera Automation,No,No,Italy,Industrial Goods,180.39,41.01,4987860.0,1778890.0,20.0,14,2013.0
866,867.0,Innova Hts,No,No,Italy,Health,180.22,40.98,8792400.0,3137630.0,16.0,12,2014.0
867,868.0,Kentigen,No,No,Czech Republic,Technology,179.79,40.91,1507867.0,554004.0,20.0,8,2013.0
868,869.0,Teal Partners,No,No,Belgium,Technology,179.35,40.84,3873750.0,1386701.0,23.0,13,2015.0
869,870.0,LM Medical Division,No,No,Italy,Health,179.23,40.82,11281040.0,4040060.0,47.0,16,2010.0
870,871.0,BEC,No,No,Germany,Technology,179.21,40.81,7843183.0,2809036.0,47.0,25,2003.0
871,872.0,Xylon,No,No,Croatia,Technology,178.97,40.77,4491888.0,1610149.0,81.0,41,1995.0
872,873.0,Spedition Kai Rindert,No,No,Germany,Transport,178.52,40.7,3018684.0,1083821.0,9.0,2,2017.0
873,874.0,CO.GE.SA. Costruzioni Generali Saba,No,No,Italy,Construction,178.13,40.63,3453730.0,1241760.0,22.0,16,2009.0
874,875.0,Skärgårdstunnan/Skargards,No,No,Sweden,Ecommerce,178.05,40.62,15082088.0,5547537.0,20.0,13,2010.0
875,876.0,Autonova Milano,No,No,Italy,Automobiles,177.33,40.5,2790680.0,1006280.0,14.0,1,2015.0
876,877.0,Polarstern,No,No,Germany,Energy,177.06,40.45,30270074.0,10925375.0,40.0,25,2011.0
877,878.0,halsdorfer + ingenieure projekt,No,Yes,Germany,Property,176.94,40.43,31038460.0,11207566.0,15.0,5,2013.0
878,879.0,OPNA,Yes,No,France,Support Services,176.53,40.36,2317903.0,838200.0,23.0,9,2015.0
879,880.0,Stikets,Yes,Yes,Spain,Ecommerce,176.29,40.32,9318626.0,3372820.0,39.0,25,2010.0
880,881.0,CampuStore,No,No,Italy,Education,175.75,40.23,34410600.0,12479120.0,18.0,18,1994.0
881,882.0,Ars Futura,No,No,Croatia,Technology,175.7,40.22,1580154.0,574487.0,27.0,14,2013.0
882,883.0,Cemir Security,Yes,No,Italy,Support Services,175.61,40.21,2835330.0,1028730.0,116.0,64,2015.0
883,884.0,Borgy CZ,No,No,Czech Republic,Personal & Household Goods,175.59,40.2,22419033.0,8362568.0,60.0,40,2009.0
884,885.0,Groupe Zephyr,No,No,France,Health,175.27,40.15,16264645.0,5908517.0,600.0,190,2007.0
885,886.0,Dernier Cri,No,No,France,Technology,175.07,40.11,3956061.0,1438184.0,57.0,25,2015.0
886,887.0,yes!devs,No,No,Germany,Technology,175.0,40.1,2200000.0,800000.0,37.0,10,2016.0
887,888.0,Hydroflex Group,No,Yes,Germany,Retail,174.98,40.1,13166000.0,4788000.0,36.0,19,2009.0
888,889.0,Proteko Service,No,No,Italy,Support Services,174.64,40.04,5502450.0,2003540.0,31.0,7,2016.0
889,890.0,MiniCRM,No,No,Hungary,Technology,174.6,40.03,2232347.0,944107.0,26.0,26,2012.0
890,891.0,CNQ Consorzio Nazionale Qualità,No,No,Italy,Waste management & recycling,174.56,40.03,2151050.0,783460.0,39.0,13,2001.0
891,892.0,Accolade,No,Yes,Czech Republic,Property,174.26,39.98,83981636.0,31477723.0,,,2010.0
892,893.0,Panel Sandwich,No,No,Spain,Construction,174.0,39.93,9637845.0,3517519.0,27.0,9,2009.0
893,894.0,SYMBIOSE Informatique,No,No,France,Technology,173.97,39.93,33080096.0,12074454.0,32.0,28,1991.0
894,895.0,G.Engineering,Yes,No,Italy,Industrial Goods,173.95,39.92,16504780.0,6024830.0,51.0,24,2012.0
895,896.0,I-PARTICULIERS,No,No,France,Property,173.47,39.84,4071600.0,1488875.0,200.0,50,2011.0
896,897.0,Henco,No,No,Germany,Retail,173.33,39.82,6970679.0,2550263.0,48.0,25,2012.0
897,898.0,Giglio.com,No,Yes,Italy,Ecommerce,173.12,39.78,25355630.0,9283620.0,53.0,25,2007.0
898,899.0,Alphaspel,No,No,Sweden,Retail,172.99,39.76,4535769.0,1699234.0,16.0,5,2013.0
899,900.0,Sapiegos Klinika,No,No,Lithuania,Health,172.45,39.67,1578677.0,579436.0,24.0,14,2014.0
900,901.0,OpenCorporates,No,No,UK,Technology,172.17,39.62,2730677.0,1010498.0,25.0,9,2010.0
901,902.0,BE CLOUD,No,Yes,France,Support Services,172.09,39.61,10371094.0,3811605.0,49.0,22,2012.0
902,903.0,Drukarnia piga.pl,Yes,Yes,Poland,Ecommerce,172.02,39.59,4064038.0,1632988.0,130.0,60,2014.0
903,904.0,groupe mister menuiserie,No,No,France,Ecommerce,172.0,39.59,68009314.0,25003047.0,227.0,84,2010.0
904,905.0,Insetto,No,No,Germany,Retail,171.87,39.57,6010130.0,2210651.0,79.0,51,1999.0
905,906.0,Technophage,No,No,Portugal,Pharmaceuticals,171.71,39.54,2237180.0,823381.0,13.0,9,2005.0
906,907.0,skalis portage salarial,No,Yes,France,Support Services,171.14,39.44,6202068.0,2287420.0,68.0,25,2008.0
907,908.0,peoplegrapher,Yes,No,Germany,Advertising,170.86,39.4,3561298.0,1314806.0,11.0,5,2016.0
908,909.0,Reveg Fruit,Yes,No,Italy,Food & Beverage,170.85,39.39,2356570.0,870070.0,4.0,2,2016.0
909,910.0,Sciant,Yes,No,Bulgaria,Technology,170.83,39.39,3192139.0,1178653.0,79.0,39,2016.0
910,911.0,Boender & Beutel,No,No,Germany,Industrial Goods,170.63,39.36,14550131.0,5376347.0,130.0,50,2012.0
911,912.0,EKINOPS,No,No,France,Telecoms,170.62,39.36,92800000.0,34291000.0,456.0,419,2003.0
912,913.0,Sano-Técnica,No,No,Portugal,Health,170.53,39.34,4972658.0,1838120.0,13.0,12,1938.0
913,914.0,möbelando,No,Yes,Germany,Retail,170.52,39.34,16692390.0,6170577.0,24.0,16,2013.0
914,915.0,Democom,Yes,Yes,Italy,Telecoms,170.39,39.31,3347950.0,1238210.0,37.0,12,2011.0
915,916.0,Erbagil,No,No,Italy,Pharmaceuticals,169.82,39.22,4021010.0,1490280.0,11.0,3,2009.0
916,917.0,Axopar Boats,Yes,Yes,Finland,Travel & Leisure,169.3,39.13,78765693.0,29247774.0,32.0,9,2014.0
917,918.0,Advanced Composites Solutions,No,No,Italy,Automobiles,168.86,39.05,5393690.0,2006100.0,54.0,11,2012.0
918,919.0,Spartivento Yachts & Charter,No,No,Italy,Travel & Leisure,168.79,39.04,5194630.0,1932580.0,34.0,12,2000.0
919,920.0,Seargin,Yes,Yes,Poland,Technology,168.7,39.02,18624755.0,7576080.0,64.0,39,2014.0
920,921.0,TTP HOLDING,No,No,Germany,Support Services,168.68,39.02,37607000.0,13997000.0,32.0,28,2009.0
921,922.0,Sweef furniture,No,No,Sweden,Retail,168.54,39.0,9506903.0,3620585.0,14.0,5,2011.0
922,923.0,SONIC Tanácsadó és Szolgáltató Kft,No,No,Hungary,Technology,168.48,38.99,4646080.0,2009719.0,10.0,5,2008.0
923,924.0,spotit,No,No,Belgium,Cyber Security,168.03,38.91,20387729.0,7606472.0,71.0,30,2014.0
924,925.0,LABEL EXPERIENCE,Yes,No,France,Financial Services,168.01,38.91,1756470.0,655366.0,27.0,11,2016.0
925,926.0,LMM Logistics,Yes,No,Italy,Transport,167.88,38.88,14113040.0,5268390.0,724.0,2,2015.0
926,927.0,Medicalfit,No,No,Spain,Health,167.73,38.86,2378517.0,888395.0,35.0,15,2008.0
927,928.0,Nuova MG,No,No,Italy,Industrial Goods,167.6,38.83,2126840.0,794770.0,26.0,23,2017.0
928,929.0,innov and co handicap,No,No,France,Technology,167.55,38.83,1879824.0,702609.0,30.0,7,2016.0
929,930.0,Alma Entreprise,No,No,France,Construction,167.54,38.82,13438347.0,5023015.0,31.0,33,2003.0
930,931.0,Radit,No,No,Italy,Support Services,167.28,38.78,1879520.0,703190.0,15.0,8,2016.0
931,932.0,REGIONAL EXPRESS,No,Yes,France,Transport,167.07,38.74,22841800.0,8552857.0,220.0,80,2013.0
932,933.0,Aravati,Yes,No,France,Support Services,166.79,38.69,6671500.0,2500644.0,59.0,26,2004.0
933,934.0,Pöhner Hamburg,No,No,Germany,Retail,166.67,38.67,15603000.0,5851000.0,7.0,4,2013.0
934,935.0,Schreinerei Huber,No,No,Germany,Construction,166.56,38.65,2629044.0,986286.0,21.0,18,2010.0
935,936.0,ISR,No,No,France,Technology,166.38,38.62,4637943.0,1741112.0,12.0,12,1996.0
936,937.0,Kinga Mathe,Yes,No,Germany,Retail,166.18,38.59,1800494.0,676431.0,5.0,2,2008.0
937,938.0,Rivile,No,No,Lithuania,Technology,166.16,38.58,3905042.0,1467195.0,24.0,20,1992.0
938,939.0,MaGarantie5ans,Yes,No,France,Retail,166.08,38.57,9253546.0,3477788.0,20.0,8,2016.0
939,940.0,BEBEBOUTIK,No,No,France,Retail,165.71,38.51,29080296.0,10944325.0,98.0,36,2012.0
940,941.0,Radar Cyber Security,No,Yes,Austria,Technology,165.43,38.46,12727043.0,4794822.0,122.0,88,2011.0
941,942.0,CLAIR GROUP,Yes,Yes,France,Aerospace & Defence,165.35,38.44,38960985.0,14683064.0,121.0,49,2004.0
942,943.0,Appsfactory,Yes,No,Germany,Technology,165.29,38.43,18044631.0,6801966.0,221.0,105,2009.0
943,944.0,Stiltz Homelifts,No,Yes,UK,Interiors,164.93,38.37,36960953.0,14051407.0,250.0,142,2010.0
944,945.0,Star Stone,Yes,No,Romania,Construction,164.83,38.35,4409476.0,1729707.0,105.0,48,2012.0
945,946.0,Coptrz,No,No,UK,Aerospace & Defence,164.78,38.34,6297471.0,2395445.0,22.0,10,2016.0
946,947.0,Nurole,No,Yes,UK,Technology,164.77,38.34,3249493.0,1236098.0,35.0,15,2014.0
947,948.0,ABAO Energy,Yes,No,Germany,Construction,164.38,38.28,2406917.0,910386.0,15.0,10,2016.0
948,949.0,Welol Next,No,No,Italy,Technology,163.97,38.2,2685440.0,1017320.0,32.0,16,2011.0
949,950.0,Intent HQ,No,No,UK,Technology,163.93,38.2,5762891.0,2199126.0,75.0,22,2010.0
950,951.0,Café du Cycliste,No,Yes,France,Ecommerce,163.42,38.11,7445865.0,2826571.0,20.0,14,2009.0
951,952.0,LANGER Lüftungs- und Klimaanlagen,No,No,Germany,Construction,163.42,38.11,4609256.0,1749794.0,8.0,5,2016.0
952,953.0,Formind,Yes,Yes,France,Cyber Security,163.27,38.08,16845354.0,6398583.0,130.0,60,2010.0
953,954.0,Oasis Smart SIM Europe**,No,No,France,Telecoms,162.65,37.97,3065165.0,1167000.0,20.0,4,2010.0
954,955.0,Aferetica,Yes,No,Italy,Health,162.51,37.95,6376910.0,2429230.0,13.0,9,2013.0
955,956.0,Zero,No,No,Italy,Energy,162.5,37.95,42000000.0,16000000.0,37.0,15,2014.0
956,957.0,SKILLS,Yes,Yes,France,Support Services,162.17,37.89,11650138.0,4443710.0,70.0,20,2011.0
957,958.0,3E Studio,No,No,Italy,Support Services,161.84,37.83,2804580.0,1071090.0,22.0,1,2015.0
958,959.0,Pannonia Steel,No,No,Slovakia,Construction,161.81,37.82,1768886.0,675645.0,5.0,1,2013.0
959,960.0,Kronos,No,No,Italy,Fashion,161.72,37.81,23579000.0,9009270.0,21.0,15,2009.0
960,961.0,LaSaponaria,No,No,Italy,Beauty,161.63,37.79,6304690.0,2409730.0,22.0,11,2007.0
961,962.0,Die Wuhlewanderer,Yes,No,Germany,Health,161.58,37.78,4970000.0,1900000.0,95.0,50,2013.0
962,963.0,IMINT Vidhance,No,No,Sweden,Technology,161.54,37.78,4851538.0,1897113.0,27.0,26,2007.0
963,964.0,Arte e Passione,Yes,No,Italy,Restaurants,161.45,37.76,1671730.0,639410.0,47.0,18,2016.0
964,965.0,PAUL MARIUS,No,No,France,Retail,161.37,37.75,24869602.0,9515000.0,87.0,29,2011.0
965,966.0,Scalefocus,No,No,Bulgaria,Technology,161.21,37.72,33137857.0,12686177.0,730.0,330,2012.0
966,967.0,Whiskyzone,No,Yes,Germany,Retail,161.11,37.7,10750866.0,4117340.0,16.0,7,2014.0
967,968.0,Targa Telematics,Yes,No,Italy,Technology,160.94,37.67,37386150.0,14327610.0,113.0,63,2002.0
968,969.0,SIAN Wholesale Ltd,No,Yes,UK,Transport,160.04,37.51,74719260.0,28939861.0,50.0,23,2003.0
969,970.0,Visage Technologies,Yes,No,Sweden,Technology,159.98,37.5,5677639.0,2233448.0,104.0,54,2002.0
970,971.0,Riotloc,No,No,Lithuania,Games industry,159.92,37.49,1551468.0,596906.0,1.0,1,2016.0
971,972.0,BullionVault,No,No,UK,Precious metals,159.81,37.47,16196046.0,6278456.0,34.0,31,2003.0
972,973.0,3A Antioxidants,No,No,Spain,Chemicals & Pharmaceuticals,159.49,37.42,7704000.0,2968892.0,23.0,9,2000.0
973,974.0,on Metall,No,No,Germany,Industrial Goods,159.42,37.4,2587718.0,997518.0,6.0,3,2016.0
974,975.0,Scribbr,Yes,Yes,The Netherlands,Education,159.33,37.39,8862818.0,3417536.0,39.0,22,2012.0
975,976.0,Selectra,Yes,No,France,Energy,158.84,37.3,62951353.0,24320734.0,1000.0,500,2007.0
976,977.0,Energetic,No,No,Italy,Energy,158.58,37.26,1711470.0,661860.0,13.0,7,2010.0
977,978.0,Faveod,No,No,France,Support Services,158.4,37.22,2598585.0,1005658.0,9.0,7,2007.0
978,979.0,CYE Energia,Yes,Yes,Spain,Energy,158.39,37.22,23673728.0,9161867.0,15.0,5,2013.0
979,980.0,Integrata Oy,Yes,No,Finland,Financial Services,157.99,37.15,9409000.0,3647000.0,105.0,33,2008.0
980,981.0,Regular Trade,No,No,Germany,Retail,157.87,37.13,11671000.0,4526000.0,25.0,15,2010.0
981,982.0,Expleo,No,No,Hungary,Energy,157.82,37.12,2696785.0,900686.0,15.0,6,2011.0
982,983.0,Confezioni Velvet,No,No,Italy,Fashion,157.62,37.09,3355870.0,1302640.0,21.0,21,2015.0
983,984.0,Activ Bilanz,Yes,No,Germany,Property,157.55,37.07,17286985.0,6712146.0,10.0,12,1998.0
984,985.0,Family Nation,No,No,Italy,Ecommerce,157.4,37.05,5300370.0,2059190.0,12.0,5,2011.0
985,986.0,Majar – Matzaridis Bros,Yes,No,Greece,Technology,157.07,36.99,13224865.0,5144442.0,19.0,13,1994.0
986,987.0,Izertis,Yes,No,Spain,Technology,156.87,36.95,50740841.0,19753150.0,791.0,431,1996.0
987,988.0,Fashion Commerce,Yes,No,Italy,Ecommerce,156.44,36.88,2349000.0,916000.0,5.0,1,2016.0
988,989.0,Bulk Tainer Logistics Limited,No,No,UK,Transport,156.27,36.85,56054130.0,21717432.0,105.0,41,2009.0
989,990.0,Wingeco,No,No,Italy,Industrial Goods,155.74,36.75,3407310.0,1332330.0,22.0,12,2016.0
990,991.0,Meblobranie.pl,Yes,Yes,Poland,Ecommerce,155.48,36.71,19295429.0,6909799.0,25.0,12,2021.0
991,992.0,Queraltó,No,No,Spain,Ecommerce,155.39,36.69,21900903.0,8575344.0,67.0,39,1898.0
992,993.0,Phobos,Yes,No,Slovakia,Automobiles,155.23,36.66,3529454.0,1382844.0,12.0,8,1993.0
993,994.0,Archita Engineering,No,No,Italy,Support Services,155.02,36.62,2739230.0,1074130.0,5.0,13,2013.0
994,995.0,Celeritas,No,No,Spain,Transport,154.94,36.61,58139933.0,22805398.0,27.0,10,2006.0
995,996.0,peopleForecast,No,No,Germany,Technology,154.86,36.59,2086411.0,818658.0,45.0,15,2014.0
996,997.0,Digitalpa,No,No,Italy,Management Consulting,154.82,36.59,1731340.0,679440.0,12.0,41,2014.0
997,998.0,Faktenkontor,No,No,Germany,Advertising,154.81,36.59,30967000.0,12153143.0,150.0,100,2003.0
998,999.0,CLAREO,Yes,Yes,France,Retail,154.8,36.58,18854708.0,7399729.0,53.0,13,2012.0
999,1000.0,Laca Trade,Yes,Yes,Italy,Property,154.6,36.55,24741510.0,9717860.0,5.0,5,2013.0
1000,,,,,,,,,,,,,
